model,file,flip_direction,error_message
gpt4o,__init___3f6268.py,fail->success,"__init___3f6268.py:376: error: Name ""cast"" is not defined [name-defined]"
gpt4o,__init___9a6f7a.py,success->fail,"__init___9a6f7a.py:290: error: Name ""final"" is not defined [name-defined]"
gpt4o,__init___c1477c.py,success->fail,"__init___c1477c.py:287: error: ""list"" is not subscriptable, use ""typing.List"" instead [misc]"
gpt4o,accessors_5aa969.py,fail->success,"accessors_5aa969.py:110: error: Name ""cast"" is not defined [name-defined]"
gpt4o,base_6a0ea7.py,success->fail,"base_6a0ea7.py:33: error: ""list"" is not subscriptable, use ""typing.List"" instead [misc]"
gpt4o,boxplot_f690b9.py,success->fail,"boxplot_f690b9.py:14: error: Name ""Tuple"" is not defined [name-defined]"
gpt4o,channel_771f46.py,success->fail,"channel_771f46.py:30: error: ""deque"" is not subscriptable, use ""typing.Deque"" instead [misc]"
gpt4o,conftest_0f5d02.py,success->fail,"conftest_0f5d02.py:42: error: ""list"" is not subscriptable, use ""typing.List"" instead [misc]"
gpt4o,copartitioned_assignor_d68f8c.py,fail->success,"copartitioned_assignor_d68f8c.py:90: error: Name ""Iterator"" is not defined [name-defined]"
gpt4o,dataprovider_a0d211.py,fail->success,"dataprovider_a0d211.py:35: error: ""deque"" is not subscriptable, use ""typing.Deque"" instead [misc]"
gpt4o,entity_8bb532.py,success->fail,"entity_8bb532.py:180: error: Name ""cast"" is not defined [name-defined]"
gpt4o,exchange_ws_9ca098.py,fail->success,"exchange_ws_9ca098.py:22: error: ""set"" is not subscriptable, use ""typing.Set"" instead [misc]"
gpt4o,lazy_value_18eb7d.py,fail->success,"lazy_value_18eb7d.py:37: error: Name ""Context"" is not defined [name-defined]"
gpt4o,note_76679d.py,fail->success,note_76679d.py:92: error: Missing return statement [return]
gpt4o,online_f12d20.py,fail->success,"online_f12d20.py:24: error: Name ""TYPE_CHECKING"" is not defined [name-defined]"
gpt4o,postgres_09c46c.py,fail->success,"postgres_09c46c.py:22: error: Name ""TYPE_CHECKING"" is not defined [name-defined]"
gpt4o,run_b777ab.py,success->fail,"run_b777ab.py:55: error: Name ""Iterable"" is not defined [name-defined]"
gpt4o,schemas_1abb49.py,success->fail,"schemas_1abb49.py:51: error: Unexpected keyword argument ""serializer"" [call-arg]"
gpt4o,screenshots_949c9a.py,fail->success,screenshots_949c9a.py:25: error: invalid syntax [syntax]
gpt4o,sensor_e47032.py,fail->success,"sensor_e47032.py:28: error: ""dict"" is not subscriptable, use ""typing.Dict"" instead [misc]"
gpt4o,signals_ff12b9.py,fail->success,"signals_ff12b9.py:11: error: Name ""typing"" is not defined [name-defined]"
gpt4o,sparse_a2c123.py,success->fail,"sparse_a2c123.py:20: error: ""dict"" is not subscriptable, use ""typing.Dict"" instead [misc]"
gpt4o,string__8c20b1.py,fail->success,"string__8c20b1.py:472: error: Name ""BooleanArray"" is not defined [name-defined]"
gpt4o,switch_8d0b59.py,success->fail,switch_8d0b59.py:69: error: X | Y syntax for unions requires Python 3.10 [syntax]
gpt4o,tensorboard_c446d9.py,fail->success,"tensorboard_c446d9.py:36: error: Item ""None"" of ""Optional[Any]"" has no attribute ""close"" [union-attr]"
gpt4o,test_common_basic_a8eb4c.py,success->fail,"test_common_basic_a8eb4c.py:232: error: ""list"" is not subscriptable, use ""typing.List"" instead [misc]"
gpt4o,test_core_08030e.py,success->fail,"test_core_08030e.py:10: error: ""list"" is not subscriptable, use ""typing.List"" instead [misc]"
gpt4o,test_drop_duplicates_d918e0.py,fail->success,"test_drop_duplicates_d918e0.py:45: error: Name ""pytest.FixtureRequest"" is not defined [name-defined]"
gpt4o,test_env_var_deprecations_894c4e.py,success->fail,"test_env_var_deprecations_894c4e.py:10: error: ""dict"" is not subscriptable, use ""typing.Dict"" instead [misc]"
gpt4o,test_index_d51bbf.py,success->fail,"test_index_d51bbf.py:24: error: ""list"" is not subscriptable, use ""typing.List"" instead [misc]"
gpt4o,test_interval_tree_05bf63.py,fail->success,"test_interval_tree_05bf63.py:101: error: ""list"" is not subscriptable, use ""typing.List"" instead [misc]"
gpt4o,test_overlaps_cda380.py,fail->success,"test_overlaps_cda380.py:10: error: Name ""pytest.FixtureRequest"" is not defined [name-defined]"
gpt4o,test_process_execution_payload_bd0176.py,success->fail,"test_process_execution_payload_bd0176.py:14: error: ""tuple"" is not subscriptable, use ""typing.Tuple"" instead [misc]"
gpt4o,test_process_voluntary_exit_d70212.py,success->fail,"test_process_voluntary_exit_d70212.py:19: error: ""object"" has no attribute ""get_current_epoch"" [attr-defined]"
gpt4o,test_sparse_d759ae.py,fail->success,"test_sparse_d759ae.py:26: error: Name ""pytest.FixtureRequest"" is not defined [name-defined]"
gpt4o,test_targetstate_85ad01.py,success->fail,"test_targetstate_85ad01.py:195: error: Item ""None"" of ""Optional[Any]"" has no attribute ""from_hop"" [union-attr]"
gpt4o,test_truncate_a84f32.py,fail->success,test_truncate_a84f32.py:63: error: X | Y syntax for unions requires Python 3.10 [syntax]
gpt4o,test_union_categoricals_f7953f.py,success->fail,"test_union_categoricals_f7953f.py:72: error: Name ""pytest.FixtureRequest"" is not defined [name-defined]"
gpt4o,test_web_websocket_389e12.py,success->fail,test_web_websocket_389e12.py:94: error: Too few arguments [call-arg]
gpt4o,test_wrappers_62b3f0.py,fail->success,test_wrappers_62b3f0.py:226: error: Missing return statement [return]
gpt4o,tools_6a9569.py,success->fail,"tools_6a9569.py:106: error: Item ""Iterable[Any]"" of ""Union[Any, Iterable[Any]]"" has no attribute ""get_figure"" [union-attr]"
gpt4o,topics_fc6164.py,fail->success,"topics_fc6164.py:38: error: Name ""Type"" is not defined [name-defined]"
gpt4o,transport_58bb8a.py,fail->success,"transport_58bb8a.py:299: error: Item ""None"" of ""Optional[_RetryQueue]"" has no attribute ""start"" [union-attr]"
gpt4o,users_e38fbd.py,fail->success,"users_e38fbd.py:345: error: Name ""default_token_generator"" is not defined [name-defined]"
gpt4o,util_c87ff9.py,success->fail,"util_c87ff9.py:7: error: ""dict"" is not subscriptable, use ""typing.Dict"" instead [misc]"
gpt4o,wrappers_34ca66.py,success->fail,"wrappers_34ca66.py:23: error: Name ""KeysView"" is not defined [name-defined]"
o1-mini,FreqaiExampleStrategy_4d11fd.py,success->fail,FreqaiExampleStrategy_4d11fd.py:266: error: only single target (not tuple) can be annotated [syntax]
o1-mini,__init___063bfe.py,fail->success,"__init___063bfe.py:95: error: ""Callable[..., Any]"" has no attribute ""get_metric"" [attr-defined]"
o1-mini,__init___344c2e.py,success->fail,__init___344c2e.py:243: error: invalid syntax [syntax]
o1-mini,__init___38b704.py,success->fail,__init___38b704.py:208: error: Cannot assign to a method [method-assign]
o1-mini,__init___3afdb9.py,fail->success,"__init___3afdb9.py:54: error: ""dict"" is not subscriptable, use ""typing.Dict"" instead [misc]"
o1-mini,__init___3f6268.py,fail->success,__init___3f6268.py:269: error: invalid syntax [syntax]
o1-mini,__init___54e0bc.py,fail->success,"__init___54e0bc.py:16: error: ""dict"" is not subscriptable, use ""typing.Dict"" instead [misc]"
o1-mini,__init___97fa7b.py,success->fail,"__init___97fa7b.py:70: error: Name ""KeysView"" is not defined [name-defined]"
o1-mini,__init___9e75d4.py,fail->success,"__init___9e75d4.py:145: error: ""dict"" is not subscriptable [misc]"
o1-mini,__init___a5a747.py,success->fail,__init___a5a747.py:164: error: only single target (not tuple) can be annotated [syntax]
o1-mini,_cert_chain_analyzer_dafae6.py,fail->success,"_cert_chain_analyzer_dafae6.py:224: error: Missing positional argument ""verified_certificate_chain"" in call to ""CertificateDeploymentAnalysisResult"" [call-arg]"
o1-mini,_checklist_internal_2e9c80.py,fail->success,"_checklist_internal_2e9c80.py:25: error: ""ArgumentParser"" has no attribute ""add_parser""; maybe ""add_subparsers""? [attr-defined]"
o1-mini,accessories_b90bda.py,fail->success,"accessories_b90bda.py:422: error: Unsupported operand types for < (""str"" and ""float"") [operator]"
o1-mini,acked_by_ce084a.py,success->fail,"acked_by_ce084a.py:19: error: Name ""Alert"" is not defined [name-defined]"
o1-mini,api_1f14a8.py,success->fail,api_1f14a8.py:120: error: X | Y syntax for unions requires Python 3.10 [syntax]
o1-mini,api_test_5baf5c.py,fail->success,"api_test_5baf5c.py:46: error: Name ""UUID"" is not defined [name-defined]"
o1-mini,app_c89ec6.py,success->fail,"app_c89ec6.py:456: error: Name ""Producer"" is not defined [name-defined]"
o1-mini,attestations_9893da.py,fail->success,attestations_9893da.py:26: error: Missing return statement [empty-body]
o1-mini,attester_slashings_270ad2.py,fail->success,"attester_slashings_270ad2.py:6: error: Name ""Spec"" is not defined [name-defined]"
o1-mini,base_7e78cf.py,success->fail,"base_7e78cf.py:101: error: ""PinnedPackage"" has no attribute ""package"" [attr-defined]"
o1-mini,base_9c14fc.py,success->fail,"base_9c14fc.py:137: error: ""defaultdict"" is not subscriptable, use ""typing.DefaultDict"" instead [misc]"
o1-mini,base_a0b3af.py,success->fail,"base_a0b3af.py:63: error: Item ""None"" of ""Optional[Any]"" has no attribute ""get_all_name_numbers"" [union-attr]"
o1-mini,binary_sensor_b774df.py,success->fail,"binary_sensor_b774df.py:56: error: ""list"" is not subscriptable, use ""typing.List"" instead [misc]"
o1-mini,binary_sensor_c09c5d.py,fail->success,"binary_sensor_c09c5d.py:267: error: ""date"" has no attribute ""date"" [attr-defined]"
o1-mini,bleu_test_22d7f9.py,success->fail,"bleu_test_22d7f9.py:33: error: ""Counter"" is not subscriptable, use ""typing.Counter"" instead [misc]"
o1-mini,blockchain_37e43c.py,fail->success,"blockchain_37e43c.py:106: error: ""object"" has no attribute ""get_contract"" [attr-defined]"
o1-mini,cache_7cc469.py,success->fail,cache_7cc469.py:13: error: ClassVar can only be used for assignments in class body [misc]
o1-mini,cache_helpers_e012c1.py,success->fail,"cache_helpers_e012c1.py:30: error: ""dict"" is not subscriptable, use ""typing.Dict"" instead [misc]"
o1-mini,calibration_d3fe81.py,fail->success,"calibration_d3fe81.py:110: error: ""list"" is not subscriptable, use ""typing.List"" instead [misc]"
o1-mini,camera_4798a7.py,success->fail,camera_4798a7.py:88: error: invalid syntax [syntax]
o1-mini,checkpointer_2adffa.py,fail->success,"checkpointer_2adffa.py:183: error: ""list"" is not subscriptable, use ""typing.List"" instead [misc]"
o1-mini,classification_92cb06.py,success->fail,"classification_92cb06.py:654: error: Name ""class_shap_values"" is not defined [name-defined]"
o1-mini,common_888838.py,fail->success,"common_888838.py:5: error: Name ""Generic"" is not defined [name-defined]"
o1-mini,common_fcbb68.py,fail->success,common_fcbb68.py:244: error: Starred assignment target must be in a list or tuple [misc]
o1-mini,compilation_283ca2.py,fail->success,"compilation_283ca2.py:141: error: Name ""cast"" is not defined [name-defined]"
o1-mini,conftest_ee8a90.py,fail->success,"conftest_ee8a90.py:4: error: Module ""typing"" has no attribute ""Yield"" [attr-defined]"
o1-mini,console_aefea3.py,success->fail,"console_aefea3.py:76: error: ""list"" is not subscriptable, use ""typing.List"" instead [misc]"
o1-mini,consumer_fa3d87.py,success->fail,"consumer_fa3d87.py:394: error: Name ""DefaultDict"" is not defined [name-defined]"
o1-mini,cover_b5d82f.py,fail->success,"cover_b5d82f.py:70: error: Name ""Callable"" is not defined [name-defined]"
o1-mini,custom_profile_fields_ccef17.py,fail->success,"custom_profile_fields_ccef17.py:34: error: ""Dict[str, Any]"" has no attribute ""name"" [attr-defined]"
o1-mini,ddp_accelerator_0b7bea.py,fail->success,"ddp_accelerator_0b7bea.py:47: error: Name ""torch.nn.modules.module.ModuleDict"" is not defined [name-defined]"
o1-mini,deposits_09e7ec.py,success->fail,"deposits_09e7ec.py:13: error: Name ""Spec"" is not defined [name-defined]"
o1-mini,ecs_3fb000.py,success->fail,"ecs_3fb000.py:54: error: Item ""None"" of ""Optional[Module]"" has no attribute ""client"" [union-attr]"
o1-mini,entities_19afaa.py,success->fail,"entities_19afaa.py:37: error: Name ""Any"" is not defined [name-defined]"
o1-mini,entity_0d0e17.py,fail->success,"entity_0d0e17.py:273: error: Name ""List"" is not defined [name-defined]"
o1-mini,entity_27a2b6.py,fail->success,"entity_27a2b6.py:77: error: ""dict"" is not subscriptable, use ""typing.Dict"" instead [misc]"
o1-mini,entity_8bb532.py,success->fail,"entity_8bb532.py:235: error: Name ""cast"" is not defined [name-defined]"
o1-mini,entity_a41728.py,success->fail,entity_a41728.py:117: error: Too few arguments [call-arg]
o1-mini,env_settings_7d6868.py,success->fail,"env_settings_7d6868.py:109: error: Too many arguments for ""AbstractSet"" [call-arg]"
o1-mini,execution_855aa0.py,success->fail,"execution_855aa0.py:18: error: ""deque"" is not subscriptable, use ""typing.Deque"" instead [misc]"
o1-mini,fairscale_fsdp_accelerator_test_c1bd1f.py,success->fail,fairscale_fsdp_accelerator_test_c1bd1f.py:125: error: invalid syntax [syntax]
o1-mini,filters_a79ada.py,fail->success,"filters_a79ada.py:65: error: Name ""CONNF_ENTITY_GLOBS"" is not defined [name-defined]"
o1-mini,gas_reserve_f132a8.py,success->fail,gas_reserve_f132a8.py:77: error: invalid syntax [syntax]
o1-mini,geo_location_c45ba4.py,success->fail,geo_location_c45ba4.py:153: error: Missing return statement [return]
o1-mini,google_config_4b4b29.py,success->fail,"google_config_4b4b29.py:98: error: Name ""split_entity_id"" is not defined [name-defined]"
o1-mini,headers_8374b8.py,fail->success,headers_8374b8.py:64: error: X | Y syntax for unions requires Python 3.10 [syntax]
o1-mini,helpers_062f96.py,fail->success,"helpers_062f96.py:43: error: Item ""None"" of ""Optional[Iterable[str]]"" has no attribute ""__iter__"" (not iterable) [union-attr]"
o1-mini,helpers_e73aba.py,fail->success,"helpers_e73aba.py:140: error: Name ""cast"" is not defined [name-defined]"
o1-mini,home_349a7c.py,fail->success,"home_349a7c.py:209: error: Item ""None"" of ""Optional[List[Any]]"" has no attribute ""__iter__"" (not iterable) [union-attr]"
o1-mini,indicators_960952.py,success->fail,indicators_960952.py:19: error: Too few arguments [call-arg]
o1-mini,invites_f24478.py,success->fail,"invites_f24478.py:189: error: Name ""Set"" is not defined [name-defined]"
o1-mini,lambda_dataset_8c1015.py,success->fail,"lambda_dataset_8c1015.py:47: error: Function ""__load"" could always be true in boolean context [truthy-function]"
o1-mini,light_3c0a4b.py,fail->success,"light_3c0a4b.py:306: error: ""None"" object is not iterable [misc]"
o1-mini,log_writer_c4397a.py,fail->success,"log_writer_c4397a.py:278: error: Item ""None"" of ""Optional[Any]"" has no attribute ""model"" [union-attr]"
o1-mini,manifest_87d3d1.py,success->fail,"manifest_87d3d1.py:278: error: Name ""test_name_part"" is used before definition [used-before-def]"
o1-mini,media_player_f3d659.py,fail->success,"media_player_f3d659.py:73: error: Name ""Any"" is not defined [name-defined]"
o1-mini,media_source_5cb2e6.py,success->fail,"media_source_5cb2e6.py:319: error: Item ""None"" of ""Optional[Any]"" has no attribute ""identifier"" [union-attr]"
o1-mini,mediation_fee_f1a080.py,fail->success,mediation_fee_f1a080.py:293: error: invalid syntax [syntax]
o1-mini,mediator_edd547.py,success->fail,"mediator_edd547.py:282: error: Name ""cast"" is not defined [name-defined]"
o1-mini,meta_learners_cdb80e.py,success->fail,"meta_learners_cdb80e.py:118: error: Name ""ulift_cols"" is not defined [name-defined]"
o1-mini,model_test_case_905237.py,fail->success,"model_test_case_905237.py:304: error: Name ""List"" is not defined [name-defined]"
o1-mini,numpy__844898.py,fail->success,"numpy__844898.py:135: error: ""Callable[..., Any]"" has no attribute ""nout"" [attr-defined]"
o1-mini,objects_2ea8dd.py,success->fail,"objects_2ea8dd.py:391: error: Name ""List"" is not defined [name-defined]"
o1-mini,optimiser_abeb97.py,success->fail,"optimiser_abeb97.py:133: error: Name ""Tuple"" is not defined [name-defined]"
o1-mini,params_3f7432.py,fail->success,"params_3f7432.py:23: error: Name ""_Unset"" is not defined [name-defined]"
o1-mini,parquetdatahandler_7da7b1.py,success->fail,"parquetdatahandler_7da7b1.py:12: error: ""list"" is not subscriptable, use ""typing.List"" instead [misc]"
o1-mini,parser_utils_3b717f.py,success->fail,"parser_utils_3b717f.py:224: error: ""dict"" is not subscriptable, use ""typing.Dict"" instead [misc]"
o1-mini,postgres_09c46c.py,success->fail,"postgres_09c46c.py:282: error: ""str"" has no attribute ""items"" [attr-defined]"
o1-mini,python_f218d0.py,fail->success,"python_f218d0.py:729: error: ""set"" is not subscriptable, use ""typing.Set"" instead [misc]"
o1-mini,query_object_factory_d095d1.py,fail->success,"query_object_factory_d095d1.py:18: error: Name ""TYPE_CHECKING"" is not defined [name-defined]"
o1-mini,queue_9bbba9.py,fail->success,queue_9bbba9.py:112: error: only single target (not tuple) can be annotated [syntax]
o1-mini,realm_linkifiers_90aa4a.py,success->fail,"realm_linkifiers_90aa4a.py:147: error: ""dict"" is not subscriptable, use ""typing.Dict"" instead [misc]"
o1-mini,realm_settings_e9d618.py,success->fail,"realm_settings_e9d618.py:254: error: ""set"" is not subscriptable, use ""typing.Set"" instead [misc]"
o1-mini,reporter_4f7bfa.py,success->fail,"reporter_4f7bfa.py:69: error: Name ""pyflakes"" is not defined [name-defined]"
o1-mini,reporter_7fc9be.py,fail->success,"reporter_7fc9be.py:68: error: Name ""pyflakes"" is not defined [name-defined]"
o1-mini,run_b777ab.py,fail->success,"run_b777ab.py:790: error: Item ""None"" of ""Optional[datetime]"" has no attribute ""isoformat"" [union-attr]"
o1-mini,schema_ee7352.py,fail->success,"schema_ee7352.py:101: error: ""Callable[..., Any]"" has no attribute ""_should_curry"" [attr-defined]"
o1-mini,schemas_b7d3bb.py,fail->success,"schemas_b7d3bb.py:68: error: Name ""Mapping"" is not defined [name-defined]"
o1-mini,sensor_c43e72.py,success->fail,"sensor_c43e72.py:313: error: Name ""Callable"" is not defined [name-defined]"
o1-mini,sensor_dd9269.py,success->fail,sensor_dd9269.py:33: error: Attributes without a default cannot follow attributes with one [misc]
o1-mini,sensor_f43589.py,success->fail,"sensor_f43589.py:101: error: Item ""None"" of ""Optional[Any]"" has no attribute ""render_with_possible_json_value"" [union-attr]"
o1-mini,sensor_f8d27b.py,fail->success,"sensor_f8d27b.py:153: error: Unsupported operand types for > (""float"" and ""None"") [operator]"
o1-mini,sentiment_analysis_suite_5e67f5.py,fail->success,"sentiment_analysis_suite_5e67f5.py:483: error: Name ""profession"" is not defined [name-defined]"
o1-mini,shard_block_395422.py,fail->success,"shard_block_395422.py:12: error: Name ""Spec"" is not defined [name-defined]"
o1-mini,signals_ff12b9.py,fail->success,"signals_ff12b9.py:62: error: Item ""None"" of ""Optional[Any]"" has no attribute ""app"" [union-attr]"
o1-mini,sparse_a2c123.py,fail->success,sparse_a2c123.py:243: error: closing parenthesis ')' does not match opening parenthesis '[' on line 242 [syntax]
o1-mini,sqla_models_tests_7b5225.py,success->fail,"sqla_models_tests_7b5225.py:221: error: Name ""Tuple"" is not defined [name-defined]"
o1-mini,string_arrow_ce4e9d.py,success->fail,"string_arrow_ce4e9d.py:432: error: Name ""NoReturn"" is not defined [name-defined]"
o1-mini,switch_67758e.py,fail->success,"switch_67758e.py:228: error: Name ""Callable"" is not defined [name-defined]"
o1-mini,switch_813f86.py,success->fail,"switch_813f86.py:135: error: Name ""async_generate_entity_id"" is not defined [name-defined]"
o1-mini,switch_8d0b59.py,fail->success,switch_8d0b59.py:71: error: X | Y syntax for unions requires Python 3.10 [syntax]
o1-mini,sync_committee_b34f1b.py,success->fail,"sync_committee_b34f1b.py:10: error: Name ""Spec"" is not defined [name-defined]"
o1-mini,template_entity_f0503d.py,success->fail,"template_entity_f0503d.py:320: error: Unsupported target for indexed assignment (""Mapping[str, Any]"") [index]"
o1-mini,test_accessor_fe2995.py,success->fail,"test_accessor_fe2995.py:31: error: Name ""scipy_sparse.coo_matrix"" is not defined [name-defined]"
o1-mini,test_arithmetics_2d6e2b.py,fail->success,"test_arithmetics_2d6e2b.py:65: error: Item ""bool"" of ""Union[Any, bool]"" has no attribute ""to_dense"" [union-attr]"
o1-mini,test_assert_frame_equal_d9bb56.py,success->fail,"test_assert_frame_equal_d9bb56.py:9: error: Name ""pytest.FixtureRequest"" is not defined [name-defined]"
o1-mini,test_base_299dbf.py,fail->success,"test_base_299dbf.py:131: error: Name ""Any"" is not defined [name-defined]"
o1-mini,test_base_indexer_9339e3.py,fail->success,"test_base_indexer_9339e3.py:263: error: Name ""pd"" is not defined [name-defined]"
o1-mini,test_blocks_31cb5c.py,success->fail,test_blocks_31cb5c.py:9: error: Missing return statement [return]
o1-mini,test_ccxt_compat_f96503.py,success->fail,test_ccxt_compat_f96503.py:23: error: Missing return statement [empty-body]
o1-mini,test_channel_622ed8.py,fail->success,test_channel_622ed8.py:621: error: only single target (not tuple) can be annotated [syntax]
o1-mini,test_client_1103c5.py,fail->success,"test_client_1103c5.py:148: error: Name ""Awaitable"" is not defined [name-defined]"
o1-mini,test_compilation_513485.py,fail->success,test_compilation_513485.py:144: error: invalid syntax [syntax]
o1-mini,test_constructors_02070a.py,success->fail,"test_constructors_02070a.py:108: error: Name ""pa.Array"" is not defined [name-defined]"
o1-mini,test_coop_settle_fd62d3.py,fail->success,"test_coop_settle_fd62d3.py:22: error: Name ""ChannelState"" is not defined [name-defined]"
o1-mini,test_cumulative_8df6e0.py,fail->success,"test_cumulative_8df6e0.py:15: error: ""dict"" is not subscriptable, use ""typing.Dict"" instead [misc]"
o1-mini,test_deposit_93dc29.py,success->fail,"test_deposit_93dc29.py:94: error: ""list"" is not subscriptable, use ""typing.List"" instead [misc]"
o1-mini,test_drop_duplicates_d918e0.py,fail->success,test_drop_duplicates_d918e0.py:54: error: X | Y syntax for unions requires Python 3.10 [syntax]
o1-mini,test_drop_duplicates_ed341e.py,success->fail,"test_drop_duplicates_ed341e.py:384: error: Name ""pd"" is not defined [name-defined]"
o1-mini,test_dtypes_1ace40.py,fail->success,"test_dtypes_1ace40.py:8: error: Module ""pytest"" has no attribute ""FixtureRequest"" [attr-defined]"
o1-mini,test_dtypes_c6ad71.py,success->fail,"test_dtypes_c6ad71.py:366: error: Name ""pytz.BaseTzInfo"" is not defined [name-defined]"
o1-mini,test_encoding_e05f99.py,fail->success,"test_encoding_e05f99.py:201: error: ""Callable[[Any], Any]"" has no attribute ""assert_called_with"" [attr-defined]"
o1-mini,test_entity_registry_95c378.py,success->fail,"test_entity_registry_95c378.py:406: error: Name ""pytest.LogCaptureFixture"" is not defined [name-defined]"
o1-mini,test_extension_socket_server_334931.py,success->fail,"test_extension_socket_server_334931.py:10: error: Name ""pytest.MockFixture"" is not defined [name-defined]"
o1-mini,test_filter_rewriting_c801f7.py,fail->success,"test_filter_rewriting_c801f7.py:478: error: Name ""two"" is not defined [name-defined]"
o1-mini,test_frame_plot_matplotlib_9669ca.py,fail->success,test_frame_plot_matplotlib_9669ca.py:124: error: X | Y syntax for unions requires Python 3.10 [syntax]
o1-mini,test_frame_plot_plotly_91dfd7.py,fail->success,"test_frame_plot_plotly_91dfd7.py:131: error: ""list"" is not subscriptable, use ""typing.List"" instead [misc]"
o1-mini,test_freqai_interface_ca78dd.py,success->fail,"test_freqai_interface_ca78dd.py:245: error: Name ""pytest.LogCaptureFixture"" is not defined [name-defined]"
o1-mini,test_graph_selection_f68296.py,fail->success,"test_graph_selection_f68296.py:14: error: ""dict"" is not subscriptable, use ""typing.Dict"" instead [misc]"
o1-mini,test_hashtable_89c8a4.py,fail->success,"test_hashtable_89c8a4.py:220: error: ""dict"" is not subscriptable, use ""typing.Dict"" instead [misc]"
o1-mini,test_img_util_826a0b.py,fail->success,"test_img_util_826a0b.py:76: error: ""list"" is not subscriptable, use ""typing.List"" instead [misc]"
o1-mini,test_incremental_on_schema_change_ffcc97.py,success->fail,"test_incremental_on_schema_change_ffcc97.py:46: error: ""list"" is not subscriptable, use ""typing.List"" instead [misc]"
o1-mini,test_index_503dc5.py,fail->success,"test_index_503dc5.py:12: error: Module ""pytest"" has no attribute ""FixtureRequest"" [attr-defined]"
o1-mini,test_index_d51bbf.py,fail->success,"test_index_d51bbf.py:220: error: ""dict"" is not subscriptable, use ""typing.Dict"" instead [misc]"
o1-mini,test_indexing_3e5a66.py,fail->success,"test_indexing_3e5a66.py:72: error: Name ""pytest.MonkeyPatch"" is not defined [name-defined]"
o1-mini,test_indexing_8b3a8e.py,fail->success,test_indexing_8b3a8e.py:46: error: X | Y syntax for unions requires Python 3.10 [syntax]
o1-mini,test_indexing_e492e0.py,success->fail,test_indexing_e492e0.py:22: error: X | Y syntax for unions requires Python 3.10 [syntax]
o1-mini,test_indexing_f4eafd.py,fail->success,"test_indexing_f4eafd.py:313: error: Name ""pytest.MonkeyPatch"" is not defined [name-defined]"
o1-mini,test_inference_f5d827.py,fail->success,test_inference_f5d827.py:129: error: invalid syntax [syntax]
o1-mini,test_init_75a7d5.py,success->fail,test_init_75a7d5.py:152: error: X | Y syntax for unions requires Python 3.10 [syntax]
o1-mini,test_integration_ae2f32.py,success->fail,"test_integration_ae2f32.py:451: error: Name ""pytest.LogCaptureFixture"" is not defined [name-defined]"
o1-mini,test_interval_3fb811.py,fail->success,test_interval_3fb811.py:244: error: Missing return statement [return]
o1-mini,test_join_48601a.py,success->fail,"test_join_48601a.py:535: error: Name ""CategoricalIndex"" is not defined [name-defined]"
o1-mini,test_logging_8b4caf.py,fail->success,"test_logging_8b4caf.py:84: error: Name ""pytest.CaptureFixture"" is not defined [name-defined]"
o1-mini,test_logical_ops_b270a9.py,success->fail,test_logical_ops_b270a9.py:23: error: X | Y syntax for unions requires Python 3.10 [syntax]
o1-mini,test_london_5cebb4.py,fail->success,"test_london_5cebb4.py:34: error: Name ""Type"" is not defined [name-defined]"
o1-mini,test_mediatedtransfer_invalid_c11287.py,success->fail,test_mediatedtransfer_invalid_c11287.py:320: error: closing parenthesis '}' does not match opening parenthesis '(' on line 297 [syntax]
o1-mini,test_modular_pipeline_544bcc.py,fail->success,"test_modular_pipeline_544bcc.py:35: error: Name ""pipeline"" is not defined [name-defined]"
o1-mini,test_moments_consistency_ewm_56b6c2.py,success->fail,test_moments_consistency_ewm_56b6c2.py:6: error: X | Y syntax for unions requires Python 3.10 [syntax]
o1-mini,test_moments_consistency_rolling_0c7eb0.py,success->fail,"test_moments_consistency_rolling_0c7eb0.py:14: error: Name ""pytest.FixtureRequest"" is not defined [name-defined]"
o1-mini,test_monitor_31e01e.py,success->fail,"test_monitor_31e01e.py:67: error: ""list"" is not subscriptable, use ""typing.List"" instead [misc]"
o1-mini,test_mssql_35a1b8.py,success->fail,"test_mssql_35a1b8.py:217: error: ""list"" is not subscriptable, use ""typing.List"" instead [misc]"
o1-mini,test_numba_246dfa.py,success->fail,"test_numba_246dfa.py:108: error: Name ""DataFrameGroupBy"" is not defined [name-defined]"
o1-mini,test_numeric_only_37163c.py,fail->success,"test_numeric_only_37163c.py:9: error: Module ""pytest"" has no attribute ""FixtureRequest"" [attr-defined]"
o1-mini,test_operations_088d14.py,success->fail,"test_operations_088d14.py:9: error: Name ""BeaconState"" is not defined [name-defined]"
o1-mini,test_process_block_header_67cc9f.py,fail->success,"test_process_block_header_67cc9f.py:10: error: Name ""Spec"" is not defined [name-defined]"
o1-mini,test_process_participation_flag_updates_24798c.py,fail->success,"test_process_participation_flag_updates_24798c.py:15: error: Name ""Spec"" is not defined [name-defined]"
o1-mini,test_process_pending_consolidations_a9c6ec.py,fail->success,"test_process_pending_consolidations_a9c6ec.py:134: error: Name ""BeaconState"" is not defined [name-defined]"
o1-mini,test_process_sync_aggregate_c588af.py,success->fail,test_process_sync_aggregate_c588af.py:202: error: No return value expected [return-value]
o1-mini,test_process_voluntary_exit_d70212.py,fail->success,"test_process_voluntary_exit_d70212.py:11: error: Name ""Spec"" is not defined [name-defined]"
o1-mini,test_process_withdrawal_request_9f973e.py,fail->success,"test_process_withdrawal_request_9f973e.py:11: error: Name ""Spec"" is not defined [name-defined]"
o1-mini,test_prometheus_2a91bc.py,fail->success,"test_prometheus_2a91bc.py:62: error: Name ""pytest.MonkeyPatch"" is not defined [name-defined]"
o1-mini,test_protections_3ce579.py,fail->success,"test_protections_3ce579.py:5: error: Module ""pytest"" has no attribute ""LogCaptureFixture"" [attr-defined]"
o1-mini,test_pythonapi_d455c1.py,fail->success,"test_pythonapi_d455c1.py:174: error: ""set"" is not subscriptable, use ""typing.Set"" instead [misc]"
o1-mini,test_raidenservice_d5e26d.py,success->fail,"test_raidenservice_d5e26d.py:55: error: ""dict"" is not subscriptable, use ""typing.Dict"" instead [misc]"
o1-mini,test_rank_19ec93.py,success->fail,"test_rank_19ec93.py:374: error: ""str"" has no attribute ""storage"" [attr-defined]"
o1-mini,test_rank_d0371a.py,fail->success,"test_rank_d0371a.py:32: error: ""List[Any]"" has no attribute ""reindex""; maybe ""index""? [attr-defined]"
o1-mini,test_recovery_2d8e5e.py,success->fail,"test_recovery_2d8e5e.py:171: error: ""Counter"" is not subscriptable, use ""typing.Counter"" instead [misc]"
o1-mini,test_regression_05a4bf.py,success->fail,"test_regression_05a4bf.py:225: error: Name ""Address"" is not defined [name-defined]"
o1-mini,test_rolling_741e1f.py,success->fail,"test_rolling_741e1f.py:205: error: ""dict"" is not subscriptable, use ""typing.Dict"" instead [misc]"
o1-mini,test_rolling_functions_251098.py,fail->success,"test_rolling_functions_251098.py:124: error: Name ""pd"" is not defined [name-defined]"
o1-mini,test_round_0a4ab4.py,fail->success,"test_round_0a4ab4.py:128: error: Unexpected keyword argument ""ambiguous"" [call-arg]"
o1-mini,test_round_faa621.py,fail->success,"test_round_faa621.py:158: error: Name ""pd"" is not defined [name-defined]"
o1-mini,test_rpc_0215ce.py,success->fail,"test_rpc_0215ce.py:27: error: Name ""pytest.MockerFixture"" is not defined [name-defined]"
o1-mini,test_sas7bdat_0ac638.py,fail->success,"test_sas7bdat_0ac638.py:224: error: Name ""Optional"" is not defined [name-defined]"
o1-mini,test_selector_29872e.py,success->fail,"test_selector_29872e.py:34: error: ""dict"" is not subscriptable, use ""typing.Dict"" instead [misc]"
o1-mini,test_sequential_runner_021190.py,success->fail,"test_sequential_runner_021190.py:31: error: Name ""pytest.LogCaptureFixture"" is not defined [name-defined]"
o1-mini,test_series_5f79c1.py,fail->success,"test_series_5f79c1.py:220: error: Name ""Optional"" is not defined [name-defined]"
o1-mini,test_series_apply_554287.py,fail->success,"test_series_apply_554287.py:19: error: Name ""pytest.FixtureRequest"" is not defined [name-defined]"
o1-mini,test_session_extension_hooks_7b3b93.py,success->fail,"test_session_extension_hooks_7b3b93.py:63: error: Name ""pytest.LogCaptureFixture"" is not defined [name-defined]"
o1-mini,test_session_hook_manager_b0d853.py,fail->success,"test_session_hook_manager_b0d853.py:12: error: Module ""pytest"" has no attribute ""LogCaptureFixture"" [attr-defined]"
o1-mini,test_setops_3892f2.py,success->fail,"test_setops_3892f2.py:107: error: ""list"" is not subscriptable, use ""typing.List"" instead [misc]"
o1-mini,test_sort_index_efa5b2.py,success->fail,"test_sort_index_efa5b2.py:8: error: Name ""pytest.FixtureRequest"" is not defined [name-defined]"
o1-mini,test_sorting_c07df0.py,fail->success,"test_sorting_c07df0.py:244: error: ""defaultdict"" is not subscriptable, use ""typing.DefaultDict"" instead [misc]"
o1-mini,test_spark_0e0bdf.py,fail->success,test_spark_0e0bdf.py:97: error: cannot use assignment expressions with attribute [syntax]
o1-mini,test_statsd_afaa78.py,fail->success,"test_statsd_afaa78.py:20: error: Name ""pytest.MonkeyPatch"" is not defined [name-defined]"
o1-mini,test_thread_runner_e54f5d.py,fail->success,"test_thread_runner_e54f5d.py:52: error: Name ""pytest.LogCaptureFixture"" is not defined [name-defined]"
o1-mini,test_timedelta64_f628bf.py,fail->success,"test_timedelta64_f628bf.py:897: error: Item ""datetime"" of ""Union[Any, datetime, Any]"" has no attribute ""to_pydatetime"" [union-attr]"
o1-mini,test_union_categoricals_f7953f.py,success->fail,"test_union_categoricals_f7953f.py:107: error: Name ""pytest.FixtureRequest"" is not defined [name-defined]"
o1-mini,test_utils_014a22.py,fail->success,test_utils_014a22.py:409: error: invalid syntax [syntax]
o1-mini,test_validate_docstrings_1ce531.py,success->fail,"test_validate_docstrings_1ce531.py:117: error: Name ""pytest.CaptureFixture"" is not defined [name-defined]"
o1-mini,test_validator_417f9a.py,fail->success,"test_validator_417f9a.py:123: error: ""tuple"" is not subscriptable, use ""typing.Tuple"" instead [misc]"
o1-mini,timerange_d18ed2.py,success->fail,"timerange_d18ed2.py:115: error: ""list"" is not subscriptable, use ""typing.List"" instead [misc]"
o1-mini,toolkit_test_11b0e6.py,success->fail,"toolkit_test_11b0e6.py:166: error: ""list"" is not subscriptable, use ""typing.List"" instead [misc]"
o1-mini,transfers_b8ecf0.py,fail->success,"transfers_b8ecf0.py:182: error: Name ""ClassVar"" is not defined [name-defined]"
o1-mini,type_var_a00119.py,success->fail,"type_var_a00119.py:11: error: Name ""LazyValue"" is not defined [name-defined]"
o1-mini,typing_fe369a.py,fail->success,"typing_fe369a.py:36: error: ""list"" is not subscriptable, use ""typing.List"" instead [misc]"
o1-mini,user_groups_977a0b.py,success->fail,"user_groups_977a0b.py:169: error: Item ""None"" of ""Optional[Sequence[Any]]"" has no attribute ""__iter__"" (not iterable) [union-attr]"
o1-mini,user_topics_1dd5f1.py,success->fail,"user_topics_1dd5f1.py:204: error: Name ""TypedDict"" is not defined [name-defined]"
o1-mini,utils_3f6c97.py,success->fail,"utils_3f6c97.py:191: error: ""dict"" is not subscriptable, use ""typing.Dict"" instead [misc]"
o1-mini,vagrant_71cd9c.py,success->fail,"vagrant_71cd9c.py:24: error: ""list"" is not subscriptable, use ""typing.List"" instead [misc]"
o1-mini,validators_1837b8.py,success->fail,"validators_1837b8.py:50: error: Name ""PARM_IS_LEAL"" is not defined [name-defined]"
o1-mini,voluntary_exits_96290c.py,success->fail,"voluntary_exits_96290c.py:9: error: Name ""Spec"" is not defined [name-defined]"
o1-mini,withdrawals_7e4651.py,fail->success,"withdrawals_7e4651.py:5: error: Name ""Spec"" is not defined [name-defined]"
deepseek,PyTorchModelTrainer_91f360.py,success->fail,"PyTorchModelTrainer_91f360.py:61: error: ""SummaryWriter"" has no attribute ""log_scalar"" [attr-defined]"
deepseek,__init___3afdb9.py,fail->success,"__init___3afdb9.py:38: error: ""list"" is not subscriptable, use ""typing.List"" instead [misc]"
deepseek,__init___49f91b.py,success->fail,"__init___49f91b.py:4: error: ""object"" has no attribute ""check"" [attr-defined]"
deepseek,__init___97fa7b.py,fail->success,"__init___97fa7b.py:125: error: ""CodeType"" has no attribute ""errors"" [attr-defined]"
deepseek,__init___9a6f7a.py,fail->success,"__init___9a6f7a.py:5: error: Module ""typing"" has no attribute ""NotRequired"" [attr-defined]"
deepseek,__init___cd0888.py,fail->success,__init___cd0888.py:69: error: invalid syntax [syntax]
deepseek,agents_3f7d1d.py,fail->success,agents_3f7d1d.py:27: error: invalid syntax [syntax]
deepseek,alarm_control_panel_85f407.py,success->fail,alarm_control_panel_85f407.py:341: error: unexpected EOF while parsing [syntax]
deepseek,app_e5f00c.py,fail->success,app_e5f00c.py:121: error: invalid syntax [syntax]
deepseek,bias_mitigators_adad59.py,success->fail,bias_mitigators_adad59.py:213: error: Missing return statement [return]
deepseek,binary_sensor_950ee8.py,success->fail,binary_sensor_950ee8.py:30: error: invalid syntax [syntax]
deepseek,binary_sensor_d63eaf.py,success->fail,binary_sensor_d63eaf.py:18: error: invalid syntax [syntax]
deepseek,bleu_test_22d7f9.py,success->fail,"bleu_test_22d7f9.py:27: error: ""Counter"" is not subscriptable, use ""typing.Counter"" instead [misc]"
deepseek,boxplot_f690b9.py,success->fail,"boxplot_f690b9.py:14: error: Name ""Optional"" is not defined [name-defined]"
deepseek,classification_92cb06.py,fail->success,classification_92cb06.py:211: error: closing parenthesis ']' does not match opening parenthesis '(' on line 194 [syntax]
deepseek,common_dde807.py,fail->success,common_dde807.py:24: error: invalid syntax [syntax]
deepseek,config_c41598.py,success->fail,config_c41598.py:208: error: invalid syntax [syntax]
deepseek,conftest_0f5d02.py,success->fail,"conftest_0f5d02.py:12: error: ""dict"" is not subscriptable, use ""typing.Dict"" instead [misc]"
deepseek,conftest_823740.py,fail->success,conftest_823740.py:369: error: Too few arguments [call-arg]
deepseek,console_aefea3.py,success->fail,"console_aefea3.py:75: error: Name ""List"" is not defined [name-defined]"
deepseek,coordinator_e4c72e.py,success->fail,coordinator_e4c72e.py:288: error: invalid syntax [syntax]
deepseek,core_6a4e49.py,success->fail,core_6a4e49.py:77: error: Too few arguments [call-arg]
deepseek,core_6bd602.py,success->fail,"core_6bd602.py:231: error: Item ""None"" of ""Optional[Any]"" has no attribute ""compute"" [union-attr]"
deepseek,core_b5776a.py,success->fail,core_b5776a.py:64: error: invalid syntax [syntax]
deepseek,cover_14aabc.py,success->fail,cover_14aabc.py:146: error: invalid syntax [syntax]
deepseek,cyclist_8fa926.py,fail->success,"cyclist_8fa926.py:13: error: Name ""Event"" is not defined [name-defined]"
deepseek,diff_65255d.py,fail->success,diff_65255d.py:4: error: EOF while scanning triple-quoted string literal [syntax]
deepseek,discovery_c67402.py,success->fail,discovery_c67402.py:35: error: closing parenthesis ')' does not match opening parenthesis '[' on line 33 [syntax]
deepseek,entity_680502.py,success->fail,entity_680502.py:100: error: invalid syntax [syntax]
deepseek,filters_a79ada.py,success->fail,filters_a79ada.py:29: error: closing parenthesis '}' does not match opening parenthesis '(' on line 27 [syntax]
deepseek,formparsers_534d1c.py,fail->success,formparsers_534d1c.py:192: error: invalid syntax [syntax]
deepseek,generate_868fef.py,fail->success,"generate_868fef.py:157: error: Item ""None"" of ""Optional[List[Any]]"" has no attribute ""__iter__"" (not iterable) [union-attr]"
deepseek,helpers_062f96.py,fail->success,helpers_062f96.py:154: error: invalid syntax [syntax]
deepseek,joinquant_follower_7b86fd.py,success->fail,"joinquant_follower_7b86fd.py:7: error: Library stubs not installed for ""requests"" [import]"
deepseek,light_3c0a4b.py,success->fail,light_3c0a4b.py:77: error: closing parenthesis ']' does not match opening parenthesis '(' [syntax]
deepseek,manifest_87d3d1.py,success->fail,manifest_87d3d1.py:470: error: invalid syntax [syntax]
deepseek,media_player_468e90.py,success->fail,media_player_468e90.py:360: error: invalid syntax [syntax]
deepseek,media_player_8d1e5c.py,fail->success,media_player_8d1e5c.py:29: error: invalid syntax [syntax]
deepseek,meta_learners_cdb80e.py,success->fail,"meta_learners_cdb80e.py:47: error: Name ""Tuple"" is not defined [name-defined]"
deepseek,metastore_cache_b6b4a1.py,success->fail,"metastore_cache_b6b4a1.py:24: error: ""dict"" is not subscriptable, use ""typing.Dict"" instead [misc]"
deepseek,module_b33ece.py,fail->success,"module_b33ece.py:45: error: ""SubModuleDictMixin"" has no attribute ""is_package"" [attr-defined]"
deepseek,monitoring_service_7fc586.py,fail->success,monitoring_service_7fc586.py:171: error: unexpected EOF while parsing [syntax]
deepseek,number_c8a6fb.py,success->fail,"number_c8a6fb.py:21: error: Module ""typing"" has no attribute ""NotRequired"" [attr-defined]"
deepseek,openapi_a5fc11.py,success->fail,openapi_a5fc11.py:29: error: closing parenthesis ')' does not match opening parenthesis '{' [syntax]
deepseek,param_cbed36.py,success->fail,"param_cbed36.py:46: error: Item ""Iterator[Any]"" of ""Union[Any, Iterator[Any]]"" has no attribute ""py__class__"" [union-attr]"
deepseek,parser_deb8f1.py,fail->success,"parser_deb8f1.py:102: error: ""Tuple[Any, str, Tuple[int, int], str]"" has no attribute ""type"" [attr-defined]"
deepseek,pin_fe5cb3.py,success->fail,"pin_fe5cb3.py:154: error: Function ""_forward_callback"" could always be true in boolean context [truthy-function]"
deepseek,postgres_09c46c.py,success->fail,"postgres_09c46c.py:205: error: ""str"" has no attribute ""items"" [attr-defined]"
deepseek,pretrained_transformer_tokenizer_f82621.py,success->fail,pretrained_transformer_tokenizer_f82621.py:169: error: invalid syntax [syntax]
deepseek,profile_77bd4f.py,fail->success,profile_77bd4f.py:137: error: invalid syntax [syntax]
deepseek,querysets_ea35a5.py,success->fail,"querysets_ea35a5.py:85: error: Item ""FunctionContext"" of ""Union[FunctionContext, MethodContext]"" has no attribute ""type"" [union-attr]"
deepseek,random_033806.py,success->fail,random_033806.py:20: error: invalid syntax [syntax]
deepseek,realm_settings_e9d618.py,success->fail,realm_settings_e9d618.py:244: error: invalid syntax [syntax]
deepseek,resources_83f462.py,fail->success,resources_83f462.py:100: error: invalid syntax [syntax]
deepseek,schema_ee7352.py,success->fail,schema_ee7352.py:94: error: invalid syntax [syntax]
deepseek,schemas_911003.py,fail->success,schemas_911003.py:223: error: unexpected EOF while parsing [syntax]
deepseek,schemas_d6d78d.py,fail->success,schemas_d6d78d.py:67: error: invalid syntax [syntax]
deepseek,secret_registry_13acaf.py,success->fail,secret_registry_13acaf.py:112: error: invalid syntax [syntax]
deepseek,sensor_2394c2.py,success->fail,sensor_2394c2.py:203: error: invalid syntax [syntax]
deepseek,sensor_48e774.py,fail->success,"sensor_48e774.py:192: error: ""list"" is not subscriptable, use ""typing.List"" instead [misc]"
deepseek,sensor_7d888f.py,fail->success,sensor_7d888f.py:98: error: invalid syntax [syntax]
deepseek,sensor_b3b9e2.py,success->fail,sensor_b3b9e2.py:55: error: illegal target for annotation [syntax]
deepseek,sensor_c9d852.py,fail->success,sensor_c9d852.py:148: error: invalid syntax [syntax]
deepseek,serializers_307391.py,success->fail,"serializers_307391.py:38: error: Name ""Type"" is not defined [name-defined]"
deepseek,splitters_9b6f18.py,fail->success,splitters_9b6f18.py:343: error: invalid syntax [syntax]
deepseek,sql_parse_tests_ebc947.py,fail->success,sql_parse_tests_ebc947.py:219: error: EOF while scanning triple-quoted string literal [syntax]
deepseek,stack_621148.py,fail->success,"stack_621148.py:119: error: Item ""None"" of ""Optional[Any]"" has no attribute ""split"" [union-attr]"
deepseek,startup_7ab634.py,fail->success,startup_7ab634.py:178: error: unexpected EOF while parsing [syntax]
deepseek,staticfiles_164434.py,success->fail,staticfiles_164434.py:47: error: closing parenthesis ')' does not match opening parenthesis '[' on line 46 [syntax]
deepseek,streams_a2a52b.py,success->fail,"streams_a2a52b.py:181: error: Name ""Iterator"" is not defined [name-defined]"
deepseek,strings_8fc975.py,success->fail,"strings_8fc975.py:381: error: Name ""DataFrame"" is not defined [name-defined]"
deepseek,swagger_c55f37.py,success->fail,"swagger_c55f37.py:65: error: Item ""None"" of ""Optional[Any]"" has no attribute ""items"" [union-attr]"
deepseek,sync_committee_b34f1b.py,fail->success,sync_committee_b34f1b.py:79: error: invalid syntax [syntax]
deepseek,tcpclient_test_1d9a53.py,success->fail,tcpclient_test_1d9a53.py:364: error: unexpected EOF while parsing [syntax]
deepseek,test_align_09e7a1.py,fail->success,test_align_09e7a1.py:9: error: closing parenthesis ')' does not match opening parenthesis '[' [syntax]
deepseek,test_base_fc0d64.py,success->fail,test_base_fc0d64.py:315: error: invalid syntax [syntax]
deepseek,test_callables_9ff673.py,success->fail,test_callables_9ff673.py:228: error: invalid syntax [syntax]
deepseek,test_categorical_e04b8e.py,success->fail,"test_categorical_e04b8e.py:109: error: Name ""pytest.FixtureRequest"" is not defined [name-defined]"
deepseek,test_channel_622ed8.py,fail->success,test_channel_622ed8.py:219: error: unexpected EOF while parsing [syntax]
deepseek,test_clip_1e0363.py,fail->success,"test_clip_1e0363.py:58: error: Item ""None"" of ""Optional[Any]"" has no attribute ""loc"" [union-attr]"
deepseek,test_collections_4d5e21.py,success->fail,test_collections_4d5e21.py:14: error: invalid syntax [syntax]
deepseek,test_constructors_111932.py,success->fail,"test_constructors_111932.py:28: error: ""dict"" is not subscriptable, use ""typing.Dict"" instead [misc]"
deepseek,test_constructors_c6bb5c.py,success->fail,test_constructors_c6bb5c.py:284: error: EOL while scanning string literal [syntax]
deepseek,test_cut_a5ac0a.py,success->fail,test_cut_a5ac0a.py:388: error: unexpected EOF while parsing [syntax]
deepseek,test_hashtable_89c8a4.py,fail->success,test_hashtable_89c8a4.py:373: error: unexpected EOF while parsing [syntax]
deepseek,test_hist_box_by_07b6c3.py,fail->success,"test_hist_box_by_07b6c3.py:96: error: Name ""result_xticklabels"" is not defined [name-defined]"
deepseek,test_img_util_826a0b.py,fail->success,"test_img_util_826a0b.py:61: error: ""list"" is not subscriptable, use ""typing.List"" instead [misc]"
deepseek,test_include_router_defaults_overrides_afc221.py,fail->success,"test_include_router_defaults_overrides_afc221.py:35: error: Name ""Response"" is not defined [name-defined]"
deepseek,test_incremental_on_schema_change_ffcc97.py,fail->success,"test_incremental_on_schema_change_ffcc97.py:30: error: Name ""Any"" is not defined [name-defined]"
deepseek,test_index_503dc5.py,success->fail,"test_index_503dc5.py:36: error: Name ""pytest.FixtureRequest"" is not defined [name-defined]"
deepseek,test_index_new_74deaa.py,fail->success,"test_index_new_74deaa.py:44: error: Too many arguments for ""Iterable"" [call-arg]"
deepseek,test_inference_f5d827.py,success->fail,test_inference_f5d827.py:183: error: unexpected EOF while parsing [syntax]
deepseek,test_init_f7cb07.py,fail->success,test_init_f7cb07.py:464: error: unexpected EOF while parsing [syntax]
deepseek,test_media_player_579798.py,fail->success,test_media_player_579798.py:413: error: unexpected EOF while parsing [syntax]
deepseek,test_microbatch_124d73.py,fail->success,test_microbatch_124d73.py:157: error: EOL while scanning string literal [syntax]
deepseek,test_nodes_c6ed78.py,success->fail,test_nodes_c6ed78.py:93: error: closing parenthesis ']' does not match opening parenthesis '(' [syntax]
deepseek,test_numba_246dfa.py,fail->success,test_numba_246dfa.py:223: error: unexpected EOF while parsing [syntax]
deepseek,test_on_attestation_3db217.py,success->fail,"test_on_attestation_3db217.py:19: error: ""SpecObject"" has no attribute ""on_attestation"" [attr-defined]"
deepseek,test_project_1f989e.py,fail->success,"test_project_1f989e.py:8: error: Name ""pytest_mock"" is not defined [name-defined]"
deepseek,test_prometheus_2a91bc.py,success->fail,"test_prometheus_2a91bc.py:59: error: Name ""pytest.MonkeyPatch"" is not defined [name-defined]"
deepseek,test_pythonapi_d455c1.py,success->fail,"test_pythonapi_d455c1.py:213: error: Name ""make"" is not defined [name-defined]"
deepseek,test_raidenservice_d5e26d.py,fail->success,"test_raidenservice_d5e26d.py:81: error: Name ""Type"" is not defined [name-defined]"
deepseek,test_range_fc6fe9.py,fail->success,test_range_fc6fe9.py:369: error: invalid syntax [syntax]
deepseek,test_recovery_2d8e5e.py,fail->success,"test_recovery_2d8e5e.py:172: error: ""Counter"" is not subscriptable, use ""typing.Counter"" instead [misc]"
deepseek,test_replace_ac1a27.py,fail->success,test_replace_ac1a27.py:15: error: invalid syntax [syntax]
deepseek,test_samplers_341888.py,success->fail,"test_samplers_341888.py:12: error: Name ""LOGS"" is not defined [name-defined]"
deepseek,test_sequential_runner_021190.py,fail->success,"test_sequential_runner_021190.py:27: error: Name ""pytest.LogCaptureFixture"" is not defined [name-defined]"
deepseek,test_series_5f79c1.py,success->fail,test_series_5f79c1.py:299: error: EOL while scanning string literal [syntax]
deepseek,test_setops_dfaf2d.py,fail->success,test_setops_dfaf2d.py:227: error: invalid syntax [syntax]
deepseek,test_settlement_0a3fe7.py,success->fail,test_settlement_0a3fe7.py:212: error: EOF while scanning triple-quoted string literal [syntax]
deepseek,test_sliceaware_classifier_1e31e5.py,success->fail,"test_sliceaware_classifier_1e31e5.py:76: error: ""Dataset[Any]"" has no attribute ""Y_dict"" [attr-defined]"
deepseek,test_stack_b5f4bd.py,success->fail,test_stack_b5f4bd.py:57: error: Too few arguments [call-arg]
deepseek,test_stat_reductions_69f5b2.py,success->fail,"test_stat_reductions_69f5b2.py:66: error: Unexpected keyword argument ""copy"" [call-arg]"
deepseek,test_stoploss_on_exchange_98cce5.py,fail->success,test_stoploss_on_exchange_98cce5.py:226: error: invalid syntax [syntax]
deepseek,test_targetstate_85ad01.py,fail->success,test_targetstate_85ad01.py:398: error: unexpected EOF while parsing [syntax]
deepseek,test_tone_convert_a42800.py,fail->success,test_tone_convert_a42800.py:172: error: EOL while scanning string literal [syntax]
deepseek,test_url_1ceabd.py,success->fail,"test_url_1ceabd.py:63: error: ""str"" has no attribute ""raw_path"" [attr-defined]"
deepseek,test_validator_417f9a.py,fail->success,test_validator_417f9a.py:111: error: invalid syntax [syntax]
deepseek,test_wallets_fe5a94.py,success->fail,test_wallets_fe5a94.py:171: error: EOL while scanning string literal [syntax]
deepseek,timedeltas_44fa81.py,fail->success,"timedeltas_44fa81.py:68: error: Name ""np"" is not defined [name-defined]"
deepseek,timerange_d18ed2.py,fail->success,"timerange_d18ed2.py:126: error: ""list"" is not subscriptable, use ""typing.List"" instead [misc]"
deepseek,token_network_registry_0d90a4.py,success->fail,"token_network_registry_0d90a4.py:46: error: Name ""typecheck"" is not defined [name-defined]"
deepseek,trainer_test_f0df2a.py,fail->success,trainer_test_f0df2a.py:400: error: unexpected EOF while parsing [syntax]
deepseek,transactions_739961.py,success->fail,transactions_739961.py:69: error: closing parenthesis ')' does not match opening parenthesis '[' [syntax]
deepseek,transformer_layer_bf9c8e.py,success->fail,"transformer_layer_bf9c8e.py:106: error: Too many arguments for ""TransformerLayerOutput"" [call-arg]"
deepseek,transport_58bb8a.py,success->fail,transport_58bb8a.py:330: error: unexpected EOF while parsing [syntax]
deepseek,unit_system_a3b7c4.py,fail->success,unit_system_a3b7c4.py:84: error: invalid syntax [syntax]
deepseek,unit_tests_627911.py,success->fail,unit_tests_627911.py:316: error: unexpected EOF while parsing [syntax]
deepseek,user_groups_977a0b.py,fail->success,user_groups_977a0b.py:41: error: invalid syntax [syntax]
deepseek,util_e9973a.py,success->fail,util_e9973a.py:296: error: unexpected EOF while parsing [syntax]
deepseek,utils_3f6c97.py,fail->success,"utils_3f6c97.py:73: error: ""SendSecretRequestInNode"" has no attribute ""node"" [attr-defined]"
deepseek,utils_b0aeeb.py,fail->success,utils_b0aeeb.py:273: error: unexpected EOF while parsing [syntax]
deepseek,web_rtc_831f2f.py,fail->success,web_rtc_831f2f.py:378: error: invalid syntax [syntax]
deepseek,websocket_api_e94b97.py,success->fail,websocket_api_e94b97.py:62: error: closing parenthesis ')' does not match opening parenthesis '[' [syntax]
deepseek,withdrawals_7e4651.py,success->fail,"withdrawals_7e4651.py:106: error: Item ""None"" of ""Optional[List[int]]"" has no attribute ""__iter__"" (not iterable) [union-attr]"
deepseek,withdrawals_8c07d5.py,fail->success,"withdrawals_8c07d5.py:12: error: ""list"" is not subscriptable, use ""typing.List"" instead [misc]"
claude3_sonnet,0531_convert_most_ids_to_bigints_841260.py,success->fail,"0531_convert_most_ids_to_bigints_841260.py:18: error: Method ""state_forwards"" is marked as an override, but no base method was found with this name [misc]"
claude3_sonnet,__init___49b7e6.py,success->fail,"__init___49b7e6.py:24: error: ""dict"" is not subscriptable, use ""typing.Dict"" instead [misc]"
claude3_sonnet,__init___54e0bc.py,success->fail,"__init___54e0bc.py:15: error: ""dict"" is not subscriptable, use ""typing.Dict"" instead [misc]"
claude3_sonnet,__init___7dd003.py,success->fail,"__init___7dd003.py:130: error: ""list"" is not subscriptable, use ""typing.List"" instead [misc]"
claude3_sonnet,__init___97fa7b.py,success->fail,"__init___97fa7b.py:29: error: ""set"" is not subscriptable, use ""typing.Set"" instead [misc]"
claude3_sonnet,__init___ade613.py,success->fail,"__init___ade613.py:12: error: ""dict"" is not subscriptable, use ""typing.Dict"" instead [misc]"
claude3_sonnet,alert_tests_e8cf0b.py,success->fail,"alert_tests_e8cf0b.py:52: error: ""object"" has no attribute ""__enter__"" [attr-defined]"
claude3_sonnet,base_tests_a1e90e.py,success->fail,"base_tests_a1e90e.py:83: error: ""Type[T]"" has no attribute ""id"" [attr-defined]"
claude3_sonnet,bias_direction_wrappers_2ab1fb.py,fail->success,"bias_direction_wrappers_2ab1fb.py:30: error: Item ""None"" of ""Any | None"" has no attribute ""requires_grad"" [union-attr]"
claude3_sonnet,bias_mitigator_applicator_311808.py,success->fail,"bias_mitigator_applicator_311808.py:64: error: Name ""torch"" is not defined [name-defined]"
claude3_sonnet,binary_sensor_950ee8.py,success->fail,"binary_sensor_950ee8.py:108: error: Item ""None"" of ""Optional[str]"" has no attribute ""startswith"" [union-attr]"
claude3_sonnet,cache_053dd3.py,fail->success,"cache_053dd3.py:138: error: ""_Wrapped[[VarArg(Any), KwArg(Any)], Any, [VarArg(Any), KwArg(Any)], Response]"" has no attribute ""make_cache_key"" [attr-defined]"
claude3_sonnet,call_824067.py,success->fail,"call_824067.py:70: error: ""dict"" is not subscriptable, use ""typing.Dict"" instead [misc]"
claude3_sonnet,common_1f9133.py,success->fail,"common_1f9133.py:14: error: ""list"" is not subscriptable, use ""typing.List"" instead [misc]"
claude3_sonnet,conftest_0f5d02.py,success->fail,"conftest_0f5d02.py:12: error: ""dict"" is not subscriptable, use ""typing.Dict"" instead [misc]"
claude3_sonnet,conftest_4ecb9c.py,success->fail,"conftest_4ecb9c.py:10: error: ""dict"" is not subscriptable, use ""typing.Dict"" instead [misc]"
claude3_sonnet,conftest_51ed26.py,success->fail,"conftest_51ed26.py:55: error: ""dict"" is not subscriptable, use ""typing.Dict"" instead [misc]"
claude3_sonnet,conftest_bb7cf9.py,success->fail,"conftest_bb7cf9.py:24: error: Name ""pytest.MonkeyPatch"" is not defined [name-defined]"
claude3_sonnet,conftest_bc6db5.py,success->fail,"conftest_bc6db5.py:22: error: ""list"" is not subscriptable, use ""typing.List"" instead [misc]"
claude3_sonnet,data_collator_b6829a.py,success->fail,"data_collator_b6829a.py:51: error: ""tuple"" is not subscriptable, use ""typing.Tuple"" instead [misc]"
claude3_sonnet,execution_855aa0.py,success->fail,"execution_855aa0.py:69: error: ""deque"" is not subscriptable, use ""typing.Deque"" instead [misc]"
claude3_sonnet,extension_runtime_6679fc.py,success->fail,"extension_runtime_6679fc.py:47: error: Module has no attribute ""SIGKILL""; maybe ""SIGILL""? [attr-defined]"
claude3_sonnet,featureflags_544034.py,success->fail,"featureflags_544034.py:33: error: ""dict"" is not subscriptable, use ""typing.Dict"" instead [misc]"
claude3_sonnet,fixtures_82d048.py,success->fail,"fixtures_82d048.py:3: error: Module ""typing"" has no attribute ""Random"" [attr-defined]"
claude3_sonnet,forms_6e49d8.py,success->fail,"forms_6e49d8.py:207: error: Method ""save"" is marked as an override, but no base method was found with this name [misc]"
claude3_sonnet,header_990b83.py,success->fail,header_990b83.py:142: error: Missing return statement [return]
claude3_sonnet,helpers_062f96.py,success->fail,"helpers_062f96.py:67: error: Function ""entities_filter"" could always be true in boolean context [truthy-function]"
claude3_sonnet,home_349a7c.py,success->fail,"home_349a7c.py:78: error: ""tuple"" is not subscriptable, use ""typing.Tuple"" instead [misc]"
claude3_sonnet,kill_if_no_output_54c848.py,success->fail,"kill_if_no_output_54c848.py:10: error: Module has no attribute ""fcntl"" [attr-defined]"
claude3_sonnet,local_b588b6.py,success->fail,"local_b588b6.py:63: error: Method ""get_public_upload_root_url"" is marked as an override, but no base method was found with this name [misc]"
claude3_sonnet,logger_f99b27.py,success->fail,"logger_f99b27.py:46: error: ""MetaLog"" has no attribute ""write"" [attr-defined]"
claude3_sonnet,makemessages_b575f4.py,success->fail,"makemessages_b575f4.py:67: error: Method ""add_arguments"" is marked as an override, but no base method was found with this name [misc]"
claude3_sonnet,media_player_6853b0.py,success->fail,media_player_6853b0.py:20: error: X | Y syntax for unions requires Python 3.10 [syntax]
claude3_sonnet,media_source_5cb2e6.py,success->fail,"media_source_5cb2e6.py:60: error: ""dict"" is not subscriptable [misc]"
claude3_sonnet,numeric_40361d.py,success->fail,"numeric_40361d.py:15: error: ""defaultdict"" is not subscriptable, use ""typing.DefaultDict"" instead [misc]"
claude3_sonnet,raiden_network_f4d23c.py,success->fail,"raiden_network_f4d23c.py:162: error: Name ""pytest.MonkeyPatch"" is not defined [name-defined]"
claude3_sonnet,realm_settings_e9d618.py,success->fail,"realm_settings_e9d618.py:96: error: ""tuple"" is not subscriptable, use ""typing.Tuple"" instead [misc]"
claude3_sonnet,response_0a5943.py,success->fail,"response_0a5943.py:44: error: Method ""__iter__"" is marked as an override, but no base method was found with this name [misc]"
claude3_sonnet,rest_51609c.py,success->fail,"rest_51609c.py:76: error: Too many values to unpack (2 expected, 3 provided) [misc]"
claude3_sonnet,retention_81eb85.py,success->fail,"retention_81eb85.py:28: error: ""set"" is not subscriptable, use ""typing.Set"" instead [misc]"
claude3_sonnet,s3_e58a82.py,success->fail,"s3_e58a82.py:135: error: Method ""get_public_upload_root_url"" is marked as an override, but no base method was found with this name [misc]"
claude3_sonnet,send_custom_email_c1af50.py,success->fail,"send_custom_email_c1af50.py:19: error: Method ""add_arguments"" is marked as an override, but no base method was found with this name [misc]"
claude3_sonnet,send_to_email_mirror_634f31.py,success->fail,"send_to_email_mirror_634f31.py:23: error: Method ""add_arguments"" is marked as an override, but no base method was found with this name [misc]"
claude3_sonnet,sensor_82981a.py,fail->success,"sensor_82981a.py:159: error: Unsupported operand types for in (""Any | None"" and ""str"") [operator]"
claude3_sonnet,server_057ee6.py,fail->success,"server_057ee6.py:348: error: Module has no attribute ""CREATE_NEW_PROCESS_GROUP"" [attr-defined]"
claude3_sonnet,switch_a354e7.py,success->fail,"switch_a354e7.py:25: error: ""list"" is not subscriptable, use ""typing.List"" instead [misc]"
claude3_sonnet,template_parser_ecf506.py,success->fail,"template_parser_ecf506.py:172: error: ""str"" has no attribute ""removeprefix"" [attr-defined]"
claude3_sonnet,test_arithmetics_2d6e2b.py,success->fail,"test_arithmetics_2d6e2b.py:12: error: Name ""pytest.FixtureRequest"" is not defined [name-defined]"
claude3_sonnet,test_base_397a75.py,success->fail,"test_base_397a75.py:94: error: Module has no attribute ""app"" [attr-defined]"
claude3_sonnet,test_callables_9ff673.py,success->fail,"test_callables_9ff673.py:464: error: ""int"" has no attribute ""model_dump_for_openapi"" [attr-defined]"
claude3_sonnet,test_commands_1034dd.py,success->fail,"test_commands_1034dd.py:18: error: ""set"" is not subscriptable, use ""typing.Set"" instead [misc]"
claude3_sonnet,test_compression_21f3e4.py,success->fail,"test_compression_21f3e4.py:16: error: Name ""pytest.FixtureRequest"" is not defined [name-defined]"
claude3_sonnet,test_construction_01d413.py,success->fail,"test_construction_01d413.py:11: error: Name ""pytest.FixtureRequest"" is not defined [name-defined]"
claude3_sonnet,test_constructors_cc4293.py,success->fail,"test_constructors_cc4293.py:21: error: Name ""pytest.FixtureRequest"" is not defined [name-defined]"
claude3_sonnet,test_cumulative_8df6e0.py,fail->success,"test_cumulative_8df6e0.py:27: error: ""ndarray[Any, Any]"" has no attribute ""values"" [attr-defined]"
claude3_sonnet,test_datetimes_630624.py,success->fail,"test_datetimes_630624.py:20: error: Name ""pytest.FixtureRequest"" is not defined [name-defined]"
claude3_sonnet,test_digest_a03eb9.py,success->fail,"test_digest_a03eb9.py:51: error: ""object"" has no attribute ""__enter__"" [attr-defined]"
claude3_sonnet,test_edge_d080a8.py,success->fail,"test_edge_d080a8.py:29: error: Name ""pytest.LogCaptureFixture"" is not defined [name-defined]"
claude3_sonnet,test_expressions_597e20.py,success->fail,"test_expressions_597e20.py:74: error: Name ""pytest.FixtureRequest"" is not defined [name-defined]"
claude3_sonnet,test_flags_92e1da.py,success->fail,"test_flags_92e1da.py:60: error: Name ""pytest.MonkeyPatch"" is not defined [name-defined]"
claude3_sonnet,test_frame_plot_matplotlib_9669ca.py,fail->success,"test_frame_plot_matplotlib_9669ca.py:46: error: Item ""SubFigure"" of ""Figure | SubFigure | None"" has no attribute ""savefig"" [union-attr]"
claude3_sonnet,test_graph_69fed4.py,success->fail,"test_graph_69fed4.py:37: error: ""list"" is not subscriptable, use ""typing.List"" instead [misc]"
claude3_sonnet,test_helpers_38220e.py,success->fail,"test_helpers_38220e.py:272: error: Method ""get_host"" is marked as an override, but no base method was found with this name [misc]"
claude3_sonnet,test_img_util_826a0b.py,success->fail,"test_img_util_826a0b.py:61: error: ""list"" is not subscriptable, use ""typing.List"" instead [misc]"
claude3_sonnet,test_incremental_schema_fd049d.py,success->fail,"test_incremental_schema_fd049d.py:20: error: Name ""Any"" is not defined [name-defined]"
claude3_sonnet,test_indexing_3e5a66.py,success->fail,"test_indexing_3e5a66.py:47: error: Name ""pytest.MonkeyPatch"" is not defined [name-defined]"
claude3_sonnet,test_indexing_8b3a8e.py,fail->success,"test_indexing_8b3a8e.py:380: error: Slice index must be an integer, SupportsIndex or None [misc]"
claude3_sonnet,test_inference_f5d827.py,success->fail,"test_inference_f5d827.py:224: error: ""List[Any]"" has no attribute ""shape"" [attr-defined]"
claude3_sonnet,test_info_8bfc42.py,success->fail,"test_info_8bfc42.py:209: error: ""List[str]"" has no attribute ""values"" [attr-defined]"
claude3_sonnet,test_init_e32ce0.py,success->fail,"test_init_e32ce0.py:402: error: Name ""pytest.LogCaptureFixture"" is not defined [name-defined]"
claude3_sonnet,test_isin_243dba.py,success->fail,"test_isin_243dba.py:141: error: Name ""pytest.MonkeyPatch"" is not defined [name-defined]"
claude3_sonnet,test_json_7e4832.py,success->fail,"test_json_7e4832.py:213: error: Name ""pytest.FixtureRequest"" is not defined [name-defined]"
claude3_sonnet,test_kedro_data_catalog_4cfadd.py,success->fail,"test_kedro_data_catalog_4cfadd.py:97: error: Name ""pytest.LogCaptureFixture"" is not defined [name-defined]"
claude3_sonnet,test_liboffsets_a4381d.py,success->fail,"test_liboffsets_a4381d.py:14: error: Name ""pytest.FixtureRequest"" is not defined [name-defined]"
claude3_sonnet,test_logging_8b4caf.py,success->fail,"test_logging_8b4caf.py:81: error: Name ""pytest.CaptureFixture"" is not defined [name-defined]"
claude3_sonnet,test_monitor_31e01e.py,success->fail,"test_monitor_31e01e.py:354: error: ""tuple"" is not subscriptable, use ""typing.Tuple"" instead [misc]"
claude3_sonnet,test_overlaps_cda380.py,success->fail,"test_overlaps_cda380.py:10: error: Name ""pytest.FixtureRequest"" is not defined [name-defined]"
claude3_sonnet,test_process_execution_payload_f9e9ad.py,success->fail,"test_process_execution_payload_f9e9ad.py:213: error: ""List[Any]"" has no attribute ""hash_tree_root"" [attr-defined]"
claude3_sonnet,test_raidenservice_d5e26d.py,fail->success,"test_raidenservice_d5e26d.py:129: error: ""object"" has no attribute ""proxy_manager"" [attr-defined]"
claude3_sonnet,test_rank_d0371a.py,success->fail,"test_rank_d0371a.py:31: error: ""List[Any]"" has no attribute ""reindex""; maybe ""index""? [attr-defined]"
claude3_sonnet,test_round_trip_b8b484.py,success->fail,"test_round_trip_b8b484.py:303: error: ""dict"" is not subscriptable, use ""typing.Dict"" instead [misc]"
claude3_sonnet,test_series_5f79c1.py,success->fail,test_series_5f79c1.py:373: error: X | Y syntax for unions requires Python 3.10 [syntax]
claude3_sonnet,test_stoploss_on_exchange_98cce5.py,success->fail,"test_stoploss_on_exchange_98cce5.py:42: error: Name ""pytest.LogCaptureFixture"" is not defined [name-defined]"
claude3_sonnet,test_string_c0dad8.py,success->fail,"D:\python3.8\lib\site-packages\_pytest\outcomes.py:119: note: ""skip"" defined here"
claude3_sonnet,test_to_csv_2a1c22.py,success->fail,"test_to_csv_2a1c22.py:274: error: Name ""pytest.CaptureFixture"" is not defined [name-defined]"
claude3_sonnet,test_web_websocket_389e12.py,fail->success,"test_web_websocket_389e12.py:11: error: Module ""aiohttp.http_websocket"" has no attribute ""WSMessageClose""; maybe ""WSMessage""? [attr-defined]"
claude3_sonnet,test_websocket_parser_3e2e83.py,fail->success,"test_websocket_parser_3e2e83.py:14: error: Module ""aiohttp.http_websocket"" has no attribute ""WSMessageBinary"" [attr-defined]"
claude3_sonnet,test_win_type_fcca97.py,success->fail,"test_win_type_fcca97.py:9: error: Name ""pytest.FixtureRequest"" is not defined [name-defined]"
claude3_sonnet,test_wrap_modes_beed23.py,success->fail,"test_wrap_modes_beed23.py:4: error: Module ""typing"" has no attribute ""NotRequired"" [attr-defined]"
claude3_sonnet,tools_6a9569.py,fail->success,"tools_6a9569.py:182: error: Item ""Axes"" of ""Axes | list[Axes] | ndarray[Any, dtype[Any]] | ndarray[Any, Any]"" has no attribute ""size"" [union-attr]"
claude3_sonnet,topic_6b7f8d.py,success->fail,"topic_6b7f8d.py:132: error: ""str"" has no attribute ""removeprefix"" [attr-defined]"
claude3_sonnet,transactions_dad89f.py,success->fail,"transactions_dad89f.py:42: error: Unsupported operand types for * (""int"" and ""None"") [operator]"
claude3_sonnet,type_cameras_3d7c68.py,fail->success,"type_cameras_3d7c68.py:143: error: Name ""datetime"" is not defined [name-defined]"
claude3_sonnet,upnp_cf635d.py,success->fail,"upnp_cf635d.py:92: error: Module has no attribute ""SO_REUSEPORT"" [attr-defined]"
gpt35,__init___49f91b.py,fail->success,"__init___49f91b.py:6: error: ""Callable[[Any], None]"" has no attribute ""check"" [attr-defined]"
gpt35,__init___93171f.py,fail->success,"__init___93171f.py:17: error: Name ""List"" is not defined [name-defined]"
gpt35,__init___db92f1.py,success->fail,__init___db92f1.py:338: error: unexpected EOF while parsing [syntax]
gpt35,attachment_scores_test_b605c1.py,fail->success,attachment_scores_test_b605c1.py:1: error: unexpected indent [syntax]
gpt35,attester_slashings_270ad2.py,fail->success,"attester_slashings_270ad2.py:28: error: Name ""List"" is not defined [name-defined]"
gpt35,base_a0b3af.py,fail->success,"base_a0b3af.py:21: error: Missing positional arguments ""numbers"", ""vip"" in call to ""Contact"" [call-arg]"
gpt35,call_824067.py,success->fail,call_824067.py:22: error: Missing return statement [empty-body]
gpt35,collections_5f4a3a.py,fail->success,collections_5f4a3a.py:5: error: invalid syntax [syntax]
gpt35,conftest_4ecb9c.py,fail->success,conftest_4ecb9c.py:24: error: Missing return statement [empty-body]
gpt35,encoding_c1153a.py,fail->success,"encoding_c1153a.py:1: error: Name ""Union"" is not defined [name-defined]"
gpt35,entities_19afaa.py,success->fail,entities_19afaa.py:11: error: invalid syntax [syntax]
gpt35,entity_3c2299.py,success->fail,entity_3c2299.py:59: error: invalid syntax [syntax]
gpt35,entity_86b8a0.py,fail->success,"entity_86b8a0.py:87: error: Unsupported target for indexed assignment (""Mapping[str, Any]"") [index]"
gpt35,execution_payload_94f3fe.py,fail->success,"execution_payload_94f3fe.py:9: error: Name ""ExecutionPayload"" is not defined [name-defined]"
gpt35,file_name_dac33e.py,success->fail,file_name_dac33e.py:186: error: invalid syntax [syntax]
gpt35,helpers_e73aba.py,success->fail,helpers_e73aba.py:29: error: Missing return statement [empty-body]
gpt35,humidifier_e2948a.py,fail->success,"humidifier_e2948a.py:10: error: Name ""XiaomiCoordinatedMiioEntity"" is not defined [name-defined]"
gpt35,image_91d679.py,success->fail,"image_91d679.py:23: error: Name ""Callable"" is not defined [name-defined]"
gpt35,json_7c2407.py,success->fail,"json_7c2407.py:3: error: Name ""json"" is not defined [name-defined]"
gpt35,light_d31785.py,fail->success,"light_d31785.py:1: error: Name ""HomeAssistant"" is not defined [name-defined]"
gpt35,makemessages_b575f4.py,success->fail,"makemessages_b575f4.py:17: error: ""list"" is not subscriptable, use ""typing.List"" instead [misc]"
gpt35,pipeline_a41664.py,success->fail,pipeline_a41664.py:32: error: invalid syntax [syntax]
gpt35,responses_7e84ca.py,fail->success,"responses_7e84ca.py:74: error: Name ""datetime"" is not defined [name-defined]"
gpt35,run_f6671c.py,success->fail,"run_f6671c.py:67: error: Name ""List"" is not defined [name-defined]"
gpt35,schemas_156b3c.py,success->fail,schemas_156b3c.py:15: error: non-default argument follows default argument [syntax]
gpt35,schemas_911003.py,fail->success,schemas_911003.py:276: error: EOL while scanning string literal [syntax]
gpt35,steps_1f3861.py,fail->success,steps_1f3861.py:3: error: invalid syntax [syntax]
gpt35,streams_a2a52b.py,fail->success,"streams_a2a52b.py:156: error: Name ""AsyncIterator"" is not defined [name-defined]"
gpt35,string_arrow_ce4e9d.py,success->fail,string_arrow_ce4e9d.py:27: error: Missing return statement [empty-body]
gpt35,superset_factory_util_7e174c.py,fail->success,superset_factory_util_7e174c.py:10: error: invalid syntax [syntax]
gpt35,test_base_7e51af.py,success->fail,"test_base_7e51af.py:37: error: Name ""List"" is not defined [name-defined]"
gpt35,test_btanalysis_4aed6c.py,fail->success,test_btanalysis_4aed6c.py:18: error: invalid syntax [syntax]
gpt35,test_cat_c39959.py,success->fail,test_cat_c39959.py:4: error: invalid syntax [syntax]
gpt35,test_ccxt_compat_f96503.py,success->fail,test_ccxt_compat_f96503.py:13: error: invalid syntax [syntax]
gpt35,test_common_27891c.py,success->fail,test_common_27891c.py:7: error: Missing return statement [empty-body]
gpt35,test_compression_21f3e4.py,fail->success,test_compression_21f3e4.py:4: error: invalid syntax [syntax]
gpt35,test_config_flow_a5fd81.py,success->fail,test_config_flow_a5fd81.py:289: error: EOL while scanning string literal [syntax]
gpt35,test_conversion_928a39.py,success->fail,test_conversion_928a39.py:4: error: invalid syntax [syntax]
gpt35,test_coop_settle_fd62d3.py,success->fail,"test_coop_settle_fd62d3.py:15: error: Name ""random"" is not defined [name-defined]"
gpt35,test_denodo_4cd030.py,success->fail,test_denodo_4cd030.py:3: error: invalid syntax [syntax]
gpt35,test_drop_537b51.py,fail->success,test_drop_537b51.py:51: error: invalid syntax [syntax]
gpt35,test_file_buffer_url_2ebfea.py,fail->success,test_file_buffer_url_2ebfea.py:16: error: invalid syntax [syntax]
gpt35,test_find_replace_bc2ab9.py,fail->success,"test_find_replace_bc2ab9.py:14: error: Name ""Union"" is not defined [name-defined]"
gpt35,test_floats_b22095.py,fail->success,test_floats_b22095.py:280: error: unexpected EOF while parsing [syntax]
gpt35,test_frame_subplots_be5b29.py,success->fail,test_frame_subplots_be5b29.py:100: error: Missing return statement [empty-body]
gpt35,test_freqai_interface_ca78dd.py,success->fail,"test_freqai_interface_ca78dd.py:16: error: Name ""pytest"" is not defined [name-defined]"
gpt35,test_hist_box_by_07b6c3.py,success->fail,test_hist_box_by_07b6c3.py:87: error: closing parenthesis ')' does not match opening parenthesis '[' [syntax]
gpt35,test_indexing_e492e0.py,success->fail,test_indexing_e492e0.py:5: error: invalid syntax [syntax]
gpt35,test_init_e32ce0.py,fail->success,test_init_e32ce0.py:33: error: invalid syntax [syntax]
gpt35,test_interval_e04786.py,fail->success,test_interval_e04786.py:12: error: invalid syntax [syntax]
gpt35,test_meta_learners_15283b.py,success->fail,test_meta_learners_15283b.py:36: error: Missing return statement [empty-body]
gpt35,test_mysql_b75555.py,fail->success,"test_mysql_b75555.py:73: error: Name ""List"" is not defined [name-defined]"
gpt35,test_nodes_c6ed78.py,success->fail,test_nodes_c6ed78.py:1: error: unexpected indent [syntax]
gpt35,test_notifications_endpoint_08d1aa.py,success->fail,test_notifications_endpoint_08d1aa.py:8: error: invalid syntax [syntax]
gpt35,test_notify_74a852.py,success->fail,test_notify_74a852.py:23: error: Missing return statement [empty-body]
gpt35,test_numba_a7df98.py,success->fail,test_numba_a7df98.py:315: error: invalid syntax [syntax]
gpt35,test_operations_088d14.py,fail->success,test_operations_088d14.py:6: error: Missing return statement [empty-body]
gpt35,test_process_withdrawal_request_9f973e.py,fail->success,"test_process_withdrawal_request_9f973e.py:19: error: Name ""expect_assertion_error"" is not defined [name-defined]"
gpt35,test_pythonapi_d455c1.py,success->fail,test_pythonapi_d455c1.py:342: error: invalid syntax [syntax]
gpt35,test_raidenservice_d5e26d.py,success->fail,"test_raidenservice_d5e26d.py:26: error: Name ""pytest"" is not defined [name-defined]"
gpt35,test_reductions_ebf449.py,fail->success,test_reductions_ebf449.py:37: error: invalid syntax [syntax]
gpt35,test_runner_4222e5.py,success->fail,test_runner_4222e5.py:20: error: Missing return statement [empty-body]
gpt35,test_setops_3892f2.py,success->fail,test_setops_3892f2.py:17: error: invalid syntax [syntax]
gpt35,test_sparse_d759ae.py,success->fail,"test_sparse_d759ae.py:20: error: Name ""pytest.FixtureRequest"" is not defined [name-defined]"
gpt35,test_style_48cf89.py,success->fail,"test_style_48cf89.py:13: error: ""object"" has no attribute ""alignment"" [attr-defined]"
gpt35,test_tone_convert_a42800.py,fail->success,"test_tone_convert_a42800.py:168: error: Name ""to_final"" is not defined [name-defined]"
gpt35,test_validator_417f9a.py,success->fail,"test_validator_417f9a.py:13: error: Name ""SyncCommittee"" is not defined [name-defined]"
gpt35,test_validator_unittest_4d4a84.py,success->fail,"test_validator_unittest_4d4a84.py:141: error: Name ""PHASE0"" is not defined [name-defined]"
gpt35,test_websocket_parser_3e2e83.py,success->fail,test_websocket_parser_3e2e83.py:19: error: Missing return statement [empty-body]
gpt35,timedeltas_44fa81.py,fail->success,"timedeltas_44fa81.py:57: error: Name ""ndarray"" is not defined [name-defined]"
gpt35,timeout_e854c4.py,success->fail,timeout_e854c4.py:1: error: unexpected indent [syntax]
gpt35,token_49945a.py,success->fail,token_49945a.py:1: error: unexpected indent [syntax]
gpt35,transport_58bb8a.py,success->fail,"transport_58bb8a.py:1: error: Module ""typing"" has no attribute ""Address"" [attr-defined]"
gpt35,update_96e467.py,success->fail,"update_96e467.py:4: error: Name ""HomeAssistant"" is not defined [name-defined]"
o3_mini,BaseEnvironment_875d27.py,success->fail,BaseEnvironment_875d27.py:223: error: Return value expected [return-value]
o3_mini,__init___c981d8.py,fail->success,"__init___c981d8.py:176: error: Name ""Optional"" is not defined [name-defined]"
o3_mini,_xlsxwriter_8ba0cd.py,fail->success,"_xlsxwriter_8ba0cd.py:6: error: Name ""TYPE_CHECKING"" is not defined [name-defined]"
o3_mini,api_test_5baf5c.py,fail->success,api_test_5baf5c.py:1148: error: closing parenthesis '}' does not match opening parenthesis '[' [syntax]
o3_mini,base_949c11.py,fail->success,base_949c11.py:63: error: Missing return statement [empty-body]
o3_mini,base_9c14fc.py,fail->success,"base_9c14fc.py:294: error: ""Mapping[tuple[int, float], set[Any]]"" has no attribute ""pop"" [attr-defined]"
o3_mini,base_a0b3af.py,success->fail,"base_a0b3af.py:57: error: Item ""None"" of ""Any | None"" has no attribute ""get_all_name_numbers"" [union-attr]"
o3_mini,binary_sensor_c09c5d.py,success->fail,"binary_sensor_c09c5d.py:19: error: Name ""Final"" is not defined [name-defined]"
o3_mini,binding_d7e1a8.py,success->fail,"binding_d7e1a8.py:118: error: Name ""self"" is used before definition [used-before-def]"
o3_mini,blueprints_a0a4a9.py,success->fail,"blueprints_a0a4a9.py:61: error: Name ""Union"" is not defined [name-defined]"
o3_mini,cache_7cc469.py,fail->success,"cache_7cc469.py:19: error: Name ""ClassVar"" is not defined [name-defined]"
o3_mini,climate_588757.py,success->fail,climate_588757.py:361: error: invalid syntax [syntax]
o3_mini,construction_4e8f89.py,success->fail,"construction_4e8f89.py:52: error: Name ""TYPE_CHECKING"" is not defined [name-defined]"
o3_mini,copartitioned_assignor_d68f8c.py,fail->success,"copartitioned_assignor_d68f8c.py:180: error: Item ""None"" of ""Any | None"" has no attribute ""assign_partition"" [union-attr]"
o3_mini,cover_c586a7.py,fail->success,cover_c586a7.py:24: error: expected an indented block after 'for' statement on line 23 [syntax]
o3_mini,datetimelike_f48bd1.py,fail->success,"datetimelike_f48bd1.py:410: error: Item ""ndarray[Any, Any]"" of ""ndarray[Any, Any] | Any"" has no attribute ""values"" [union-attr]"
o3_mini,discovery_c67402.py,fail->success,"discovery_c67402.py:16: error: Unexpected keyword argument ""total"" for ""__init_subclass__"" of ""object"" [call-arg]"
o3_mini,document_48bf0e.py,success->fail,"document_48bf0e.py:150: error: Item ""None"" of ""Any | None"" has no attribute ""properties"" [union-attr]"
o3_mini,entities_19afaa.py,fail->success,"entities_19afaa.py:37: error: Name ""Any"" is not defined [name-defined]"
o3_mini,execution_855aa0.py,success->fail,"execution_855aa0.py:23: error: ""MockedTimedExecutor"" has no attribute ""time"" [attr-defined]"
o3_mini,exposed_entities_a550ba.py,fail->success,"exposed_entities_a550ba.py:45: error: Unexpected keyword argument ""total"" for ""__init_subclass__"" of ""object"" [call-arg]"
o3_mini,fan_63b94a.py,success->fail,fan_63b94a.py:158: error: No parent module -- cannot perform relative import
o3_mini,forms_6e49d8.py,fail->success,forms_6e49d8.py:411: error: unmatched ']' [syntax]
o3_mini,geo_location_9da493.py,fail->success,geo_location_9da493.py:66: error: invalid syntax [syntax]
o3_mini,geo_location_c37acf.py,fail->success,"geo_location_c37acf.py:125: error: Name ""UsgsEarthquakesFeedEntry"" is not defined [name-defined]"
o3_mini,helpers_062f96.py,fail->success,helpers_062f96.py:101: error: invalid syntax [syntax]
o3_mini,hooks_bd685b.py,fail->success,"hooks_bd685b.py:113: error: Cannot instantiate abstract class ""HookSearcher"" with abstract attribute ""__next__"" [abstract]"
o3_mini,httpclient_e36adc.py,success->fail,"httpclient_e36adc.py:146: error: Unexpected keyword argument ""url"" for ""HTTPRequest"" [call-arg]"
o3_mini,input_reduction_cfaaeb.py,fail->success,"input_reduction_cfaaeb.py:86: error: Item ""None"" of ""list[int] | None"" has no attribute ""__delitem__"" [union-attr]"
o3_mini,iresolver_51e6b1.py,fail->success,"iresolver_51e6b1.py:130: error: ""type"" has no attribute ""__file__"" [attr-defined]"
o3_mini,light_client_sync_2b8d7f.py,success->fail,"light_client_sync_2b8d7f.py:47: error: ""LightClientSyncTest"" has no attribute ""store"" [attr-defined]"
o3_mini,network_7ec1c6.py,success->fail,"network_7ec1c6.py:245: error: Unsupported operand types for < (""int"" and ""object"") [operator]"
o3_mini,number_c8a6fb.py,fail->success,"number_c8a6fb.py:211: error: ""dict[str, Any]"" has no attribute ""event_info"" [attr-defined]"
o3_mini,numeric_b9721d.py,fail->success,"numeric_b9721d.py:89: error: ""type"" has no attribute ""_checker"" [attr-defined]"
o3_mini,parallel_runner_14dbef.py,success->fail,"parallel_runner_14dbef.py:9: error: Name ""TYPE_CHECKING"" is not defined [name-defined]"
o3_mini,param_cbed36.py,success->fail,"param_cbed36.py:73: error: Name ""Dict"" is not defined [name-defined]"
o3_mini,parser_deb8f1.py,success->fail,"parser_deb8f1.py:131: error: ""int"" has no attribute ""name"" [attr-defined]"
o3_mini,project_2d0af1.py,success->fail,"project_2d0af1.py:40: error: ""T"" has no attribute ""_name"" [attr-defined]"
o3_mini,pystone_d804b9.py,success->fail,"pystone_d804b9.py:119: error: Name ""Int"" is not defined [name-defined]"
o3_mini,query_render_80e011.py,fail->success,"query_render_80e011.py:30: error: Unexpected keyword argument ""database"" [call-arg]"
o3_mini,random_value_d2191f.py,fail->success,"random_value_d2191f.py:87: error: ""type[T]"" has no attribute ""element_cls"" [attr-defined]"
o3_mini,reporter_4f7bfa.py,fail->success,"reporter_4f7bfa.py:60: error: Name ""pyflakes"" is not defined [name-defined]"
o3_mini,runner_7722d1.py,fail->success,"runner_7722d1.py:23: error: Name ""TYPE_CHECKING"" is not defined [name-defined]"
o3_mini,s3_e58a82.py,fail->success,"s3_e58a82.py:23: error: Name ""TYPE_CHECKING"" is not defined [name-defined]"
o3_mini,select_d2495d.py,fail->success,"select_d2495d.py:158: error: ""dict[str, Any]"" has no attribute ""event_info"" [attr-defined]"
o3_mini,selector_62ee5d.py,success->fail,"selector_62ee5d.py:126: error: Item ""list[Any]"" of ""Any | Any | list[Any]"" has no attribute ""combined"" [union-attr]"
o3_mini,sensor_2394c2.py,success->fail,sensor_2394c2.py:165: error: invalid syntax [syntax]
o3_mini,sensor_393e9c.py,fail->success,"sensor_393e9c.py:90: error: ""Callable[[Any], Any]"" has no attribute ""__iter__"" (not iterable) [attr-defined]"
o3_mini,sensor_677086.py,fail->success,"sensor_677086.py:21: error: Name ""OmniLogicTemperatureSensor"" is used before definition [used-before-def]"
o3_mini,sensor_f004b2.py,success->fail,"sensor_f004b2.py:233: error: Name ""cast"" is not defined [name-defined]"
o3_mini,specs_7c250e.py,success->fail,"specs_7c250e.py:5: error: Name ""TYPE_CHECKING"" is not defined [name-defined]"
o3_mini,stubs_b63ee1.py,fail->success,"stubs_b63ee1.py:542: error: ""Stub"" has no attribute ""name"" [attr-defined]"
o3_mini,subscription_info_2fc87f.py,success->fail,"subscription_info_2fc87f.py:475: error: Unsupported target for indexed assignment (""Mapping[str, Any]"") [index]"
o3_mini,switch_24834b.py,fail->success,switch_24834b.py:247: error: invalid syntax [syntax]
o3_mini,tensorboard_c446d9.py,success->fail,"tensorboard_c446d9.py:38: error: Item ""None"" of ""Any | None"" has no attribute ""close"" [union-attr]"
o3_mini,test_alt_backend_8ffa2d.py,fail->success,"test_alt_backend_8ffa2d.py:51: error: Unsupported operand types for - (""None"" and ""int"") [operator]"
o3_mini,test_arrays_9fefe1.py,success->fail,test_arrays_9fefe1.py:213: error: invalid syntax [syntax]
o3_mini,test_case_e8713f.py,fail->success,test_case_e8713f.py:147: error: invalid syntax [syntax]
o3_mini,test_categorical_c93963.py,success->fail,"test_categorical_c93963.py:665: error: Name ""Optional"" is not defined [name-defined]"
o3_mini,test_channel_622ed8.py,success->fail,test_channel_622ed8.py:622: error: only single target (not tuple) can be annotated [syntax]
o3_mini,test_clickhouse_fb8fef.py,fail->success,test_clickhouse_fb8fef.py:21: error: invalid syntax [syntax]
o3_mini,test_construction_01d413.py,fail->success,test_construction_01d413.py:132: error: Too few arguments [call-arg]
o3_mini,test_core_08030e.py,success->fail,test_core_08030e.py:25: error: Implicit return in function which does not return [misc]
o3_mini,test_dependencies_3dbf6b.py,fail->success,"test_dependencies_3dbf6b.py:168: error: ""Callable[..., Any]"" has no attribute ""__self__"" [attr-defined]"
o3_mini,test_events_5e747c.py,fail->success,test_events_5e747c.py:183: error: invalid syntax [syntax]
o3_mini,test_fields_216131.py,fail->success,test_fields_216131.py:127: error: Exception must be derived from BaseException [misc]
o3_mini,test_frame_apply_391b73.py,fail->success,"test_frame_apply_391b73.py:799: error: Name ""zip_frames"" is not defined [name-defined]"
o3_mini,test_frame_plot_matplotlib_9669ca.py,fail->success,"test_frame_plot_matplotlib_9669ca.py:22: error: Argument 2 for ""super"" not an instance of argument 1 [misc]"
o3_mini,test_frame_subplots_be5b29.py,fail->success,"test_frame_subplots_be5b29.py:32: error: Item ""list[Axes]"" of ""ndarray[Any, Any] | list[Axes]"" has no attribute ""shape"" [union-attr]"
o3_mini,test_freqai_datakitchen_145f2f.py,success->fail,test_freqai_datakitchen_145f2f.py:132: error: only single target (not tuple) can be annotated [syntax]
o3_mini,test_helpers_38220e.py,fail->success,"test_helpers_38220e.py:49: error: Name ""TYPE_CHECKING"" is not defined [name-defined]"
o3_mini,test_history_818171.py,fail->success,"test_history_818171.py:356: error: Name ""PropertyMock"" is not defined [name-defined]"
o3_mini,test_hyperopt_ac1e12.py,fail->success,"test_hyperopt_ac1e12.py:116: error: Name ""MagicMock"" is not defined [name-defined]"
o3_mini,test_logical_ops_b270a9.py,success->fail,"test_logical_ops_b270a9.py:69: error: ""dict[str, dict[str, bool]]"" has no attribute ""index"" [attr-defined]"
o3_mini,test_matrix_transport_fc1c06.py,success->fail,"test_matrix_transport_fc1c06.py:227: error: Item ""None"" of ""Any | None"" has no attribute ""enqueue_unordered"" [union-attr]"
o3_mini,test_numba_c3554f.py,success->fail,"test_numba_c3554f.py:137: error: ""list[list[float]]"" has no attribute ""T"" [attr-defined]"
o3_mini,test_on_attestation_3db217.py,fail->success,"test_on_attestation_3db217.py:14: error: Name ""ALL_PHASES"" is not defined [name-defined]"
o3_mini,test_ops_on_diff_frames_1c24fd.py,success->fail,"test_ops_on_diff_frames_1c24fd.py:18: error: Argument 2 for ""super"" not an instance of argument 1 [misc]"
o3_mini,test_pairlist_c95c81.py,fail->success,"test_pairlist_c95c81.py:403: error: Name ""MagicMock"" is not defined [name-defined]"
o3_mini,test_parallel_runner_4ae0f2.py,success->fail,test_parallel_runner_4ae0f2.py:26: error: Missing return statement [empty-body]
o3_mini,test_process_block_header_67cc9f.py,fail->success,test_process_block_header_67cc9f.py:31: error: invalid syntax [syntax]
o3_mini,test_rest_9e5773.py,fail->success,"test_rest_9e5773.py:541: error: Name ""patch"" is not defined [name-defined]"
o3_mini,test_rpc_0215ce.py,fail->success,test_rpc_0215ce.py:634: error: invalid syntax [syntax]
o3_mini,test_rpc_telegram_deaea2.py,fail->success,"test_rpc_telegram_deaea2.py:102: error: Name ""AsyncMock"" is not defined [name-defined]"
o3_mini,test_s3_fad4be.py,fail->success,test_s3_fad4be.py:160: error: Missing return statement [return]
o3_mini,test_settlement_0a3fe7.py,fail->success,"test_settlement_0a3fe7.py:706: error: ""None"" has no attribute ""to_balanceproof"" [attr-defined]"
o3_mini,test_shrinker_1f54e0.py,fail->success,"test_shrinker_1f54e0.py:358: error: Module has no attribute ""freeze"" [attr-defined]"
o3_mini,test_stat_reductions_69f5b2.py,success->fail,test_stat_reductions_69f5b2.py:21: error: Too few arguments [call-arg]
o3_mini,test_string_c0dad8.py,success->fail,"test_string_c0dad8.py:149: error: Name ""cast"" is not defined [name-defined]"
o3_mini,test_targetstate_85ad01.py,fail->success,"test_targetstate_85ad01.py:77: error: ""list[Any]"" has no attribute ""get_hop"" [attr-defined]"
o3_mini,test_to_csv_e7f2e8.py,fail->success,"test_to_csv_e7f2e8.py:485: error: Name ""ParserError"" is not defined [name-defined]"
o3_mini,test_wallets_fe5a94.py,fail->success,"test_wallets_fe5a94.py:409: error: Unsupported operand types for - (""str"" and ""float"") [operator]"
o3_mini,test_webserver_68a1ed.py,success->fail,"test_webserver_68a1ed.py:104: error: ""Callable[..., Any]"" has no attribute ""return_value"" [attr-defined]"
o3_mini,test_websockets_059343.py,fail->success,"test_websockets_059343.py:86: error: ""Exception"" has no attribute ""original_error"" [attr-defined]"
o3_mini,token_network_registry_0d90a4.py,success->fail,"token_network_registry_0d90a4.py:68: error: Name ""typecheck"" is not defined [name-defined]"
o3_mini,tools_6a9569.py,success->fail,"tools_6a9569.py:120: error: Item ""Iterable[Axes]"" of ""Axes | Iterable[Axes]"" has no attribute ""get_figure"" [union-attr]"
o3_mini,topic_6b7f8d.py,success->fail,"topic_6b7f8d.py:123: error: Unsupported operand type for unary - (""str | int"") [operator]"
o3_mini,train_test_b790e4.py,success->fail,"train_test_b790e4.py:468: error: Unsupported operand types for * (""None"" and ""int"") [operator]"
o3_mini,trainer_test_f0df2a.py,success->fail,"trainer_test_f0df2a.py:1130: error: Item ""None"" of ""Tensor | None"" has no attribute ""is_sparse"" [union-attr]"
o3_mini,transactions_739961.py,success->fail,"transactions_739961.py:14: error: Name ""GAS_TXDatanonzero"" is not defined [name-defined]"
o3_mini,transfers_b8ecf0.py,fail->success,transfers_b8ecf0.py:141: error: Attributes without a default cannot follow attributes with one [misc]
o3_mini,transport_58bb8a.py,fail->success,"transport_58bb8a.py:165: error: Name ""_metadata_key_func"" is not defined [name-defined]"
o3_mini,tts_72d912.py,success->fail,"tts_72d912.py:18: error: Name ""Final"" is not defined [name-defined]"
o3_mini,unit_system_a3b7c4.py,success->fail,"unit_system_a3b7c4.py:31: error: Name ""Final"" is not defined [name-defined]"
o3_mini,users_e38fbd.py,success->fail,"users_e38fbd.py:257: error: Unsupported operand types for | (""set[int]"" and ""list[int]"") [operator]"
o3_mini,util_e9973a.py,success->fail,"util_e9973a.py:99: error: Name ""VIDEO_CODEC_LIBX264"" is not defined [name-defined]"
o3_mini,weather_26d8e5.py,fail->success,"weather_26d8e5.py:64: error: Name ""TYPE_CHECKING"" is not defined [name-defined]"
o3_mini,withdrawals_7e4651.py,fail->success,withdrawals_7e4651.py:199: error: Return value expected [return-value]
